0,葉をかいて根を断つ,はをかいてねをたつ,小さな欠点を直そうとして全体をだめにしてしまうこと。

0,万古不易,ばんこふえき,永遠に変わらないこと。
0,万乗の君,ばんじょうのきみ,一天万乗の君を参照
0,繁昌の地に草生えず,はんじょうのちにくさはえず,"日ごろ使用する道具はさびつかないこと。
よく動く者は生き生きしていること。"
0,反哺の孝,はんぽのこう,鳩に三枝の礼あり、烏に反哺の孝ありを参照
0,日陰の梨,ひかげのなし,外見は良いが、中身は悪いこと。
0,低き所に水溜まる,ひくきところにみずたまる,利益のあるところには多くの人が集まるということ。
0,秘事は睫,ひじはまつげ,秘事などは意外と近くにあるのに、なかなか気づかないこと。
0,美女は醜婦の仇,びじょはしゅうふのあだ,美女は、みにくい女性から恨まれ、憎まれること。
0,美人に年なし,びじんにとしなし,美人はいくつになっても若く見えるということ。
0,美人の終わりは猿になる,びじんのおわりはさるになる,美人は年をとると、ひときわ醜さが出てくるということ。
0,美人薄命,びじんはくめい,佳人薄命を参照
0,鼻祖,びそ,ある物事を最初に始めた人のこと。
0,左団扇,ひだりうちわ,のんびり生活を送ること。
0,ひだるい時にまずい物なし,ひだるいときにまずいものなし,ひもじい時にまずい物なしを参照
0,匹夫罪なし璧を懐いて罪あり,ひっぷつみなしたまをいだいてつみあり,身の丈に合わない宝を持つと、罪を犯すようになるということ。
0,旱に雨,ひでりにあめ,干天の慈雨を参照
0,人こそ人の鏡,ひとこそひとのかがみ,他人の言動を手本にして、自分の言動を改めよということ。
0,人事言えば影が差す,ひとごといえばかげがさす,噂をすれば影が差すを参照
0,一つ穴の貉,ひとつあなのむじな,同じ穴の狢を参照
0,人通りに草生えず,ひとどおりにくさはえず,日ごろ使用する道具はさびつかないこと。
0,人に一癖,ひとにひとくせ,誰でも必ず癖があるということ。
0,人の一生は重荷を負うて遠き道を行くが如し,ひとのいっしょうはおもにをおうてとおきみちをゆくがごとし,人生は長く苦しいことが多いので、焦らずに地道に歩いていくことが大切であるということ。
0,人の踊る時は踊れ,ひとのおどるときはおどれ,みんながする時には自分も一緒なってやるほうがいいということ。
0,人の口に戸は立てられぬ,ひとのくちにとはたてられぬ,人のうわさ話は防ぎようがないということ。
0,人の心は面の如し,ひとのこころはおもてのごとし,人の顔がみな違うように、人の心もみな異なるということ。
0,人の牛蒡で法事する,ひとのごぼうでほうじする,他人の物を使って、義理をすませること。
0,人の背中は見ゆれど我が背中は見えぬ,ひとのせなかはみゆれどわがせなかはみえぬ,他人のことはよく分かるが、自分のことは気がつきにくいものだということ。
0,人の宝を数える,ひとのたからをかぞえる,隣の宝を数えるを参照
0,人の太刀で功名する,ひとのたちでこうみょうする,他人を利用して手柄をあげること。
0,人の花は赤い,ひとのはなはあかい,隣の花は赤いを参照
0,人のふり見て我がふり直せ,ひとのふりみてわがふりなおせ,他人の行動を模範にし、自分の欠点を改めるようにせよということ。
0,人の褌で相撲を取る,ひとのふんどしですもうをとる,他人の物を利用して、身を削ったり努力すること無しに自分の利をはかること。
0,人は言わぬが我言うな,ひとはいわぬがわれいうな,秘密のことを守るには、自分が口を滑らさないに気をつけよという意味。
0,人は故郷を離れて貴し,ひとはこきょうをはなれてたっとし,優れた人物も故郷では尊敬されないということ。
0,人は十歳木は一丈,ひとはじっさいきはいちじょう,人は十歳、木は高さが一丈くらいになれば、成熟が予測できるということ。
0,人は善悪の友による,ひとはぜんあくのともによる,善悪は友によるを参照
0,人は盗人火は焼亡,ひとはぬすびとひはじょうもう,人と火には用心せよということ。
0,人はパンのみにて生くるにあらず,ひとはぱんのみにていくるにあらず,人が生きるのは物質的なものだけではなく、精神的な支えが必要だということ。
0,人は病の器,ひとはやまいのうつわ,人は病気になりやすいということ。
0,人は悪かれ我善かれ,ひとはわるかれわれよかれ,他人が災難に見舞われようが、自分さえよければよいということ。
0,人木石に非ず,ひとぼくせきにあらず,木や石と違い、人はさまざまな感情を持っているということ。
0,一村雨の雨宿り,ひとむらさめのあまやどり,一時的に、にわか雨をさけて同じ場所で見知らぬ人と雨宿りするのも深い縁で結ばれているということ。
0,一人口は食えぬが二人口は食える,ひとりぐちはくえぬがふたりぐちはくえる,独身は浪費が多く経済的に余裕がないが、結婚すれば節約もでき生活しやすくなるということ。
0,一人の文殊より三人のたくらだ,ひとりのもんじゅよりさんにんのたくらだ,賢者が一人で考えるより、愚者でも何人か集まって考えるほうがよい知恵がでるということ。
0,一人娘と春の日はくれそうでくれぬ,ひとりむすめとはるのひはくれそうでくれぬ,一人娘は親がなかなか嫁に行かせないということ。
0,人を憎むは身を憎む,ひとをにくむはみをにくむ,人に憎悪の念を抱くと、その思いがめぐりめぐり、やがては憎悪が自分に返ってくること
0,人を呪わば穴二つ,ひとをのろわばあなふたつ,人を呪うにはそれなりの覚悟が必要だという事。転じて、安易に他人を恨むことを戒める。
0,人を見たら泥棒と思え,ひとをみたらどろぼうとおもえ,他人は信用できないものなので、疑うぐらい用心すべしということ。
0,人を以て鑑と為す,ひとをもってかがみとなす,他人の言動を手本にして、自分の言動を改めよということ。
0,人を以て言を廃せず,ひとをもってげんをはいせず,愚かな人が言ったことでも、優れた意見であれば尊重すべきということ。
0,火に油を注ぐ,ひにあぶらをそそぐ,勢いが盛んなものに対し、さらに勢いを加えること。不本意なことについて用いられることが多い。「火に油」「火に油を加える」などとも表現される。
0,微に入り細を穿つ,びにいりさいをうがつ,極めて細かいところまで配慮すること。
0,日に就り月に将む,ひになりつきにすすむ,物事や文化などが日に日に進歩すること。
0,火のない所に煙は立たぬ,ひのないところにけむりはたたぬ,噂があるところには、なんらかの根拠があるということ。
0,火蓋を切る,ひぶたをきる,争いや競争を開始すること。
0,ひもじい時にまずい物なし,ひもじいときにまずいものなし,空腹のときは何でもおいしく食べられるということ。
0,百害あって一利なし,ひゃくがいあっていちりなし,悪いことばかりで、良いことが一つもないこと。
0,百歳の童、七歳の翁,ひゃくさいのわらべ、しちさいのおきな,三歳の翁、百歳の童子を参照
0,百川海に朝す,ひゃくせんうみにちょうす,利益のあるところには自然に人が集まるということ。
0,百戦百勝は善の善なる者に非ず,ひゃくせんひゃくしょうはぜんのぜんなるものにあらず,百回戦って百回勝つことよりも、戦わずして勝つことが最もよい方法だということ。
0,百日の説法屁一つ,ひゃくにちのせっぽうへひとつ,長年の苦労が、ちょっとした失敗のため無駄になってしまうこと。
0,百日の労一日の楽,ひゃくにちのろういちにちのらく,たまには休むことも大切だということ。
0,百年河清を俟つ,ひゃくねんかせいをまつ,いくら待っていても実現する見込みのないこと。
0,百年論定まる,ひゃくねんろんさだまる,物事の評価は百年ぐらい経ってようやく決まるということ。
0,百八煩悩,ひゃくはちぼんのう,仏語で、人間が過去・現在・未来にわたって経験する迷いや苦しみのこと。
0,百聞は一見に如かず,ひゃくぶんはいっけんにしかず,百聞は一見に及ばない（何度も他人から聞いたところで、自分の目で見ることに事実を知るという手段として及ばない）
0,百様を知って一様を知らず,ひゃくようをしっていちようをしらず,広く物事を知ってはいるが、肝心なことは理解していないこと。
0,氷炭相愛す,ひょうたんあいあいす,性格が違う者同士が、愛し合うこと。
0,氷炭相容れず,ひょうたんあいいれず,性質が真逆で、合わないこと。
0,瓢箪から駒が出る,ひょうたんからこまがでる,（瓢箪くらいの大きさのものから、駒すなわち馬のように大きなものが出るようなありえない状況から）冗談や誤解で言ったことが意図せずに実現してしまうこと。
0,瓢箪に釣り鐘,ひょうたんにつりがね,差がありすぎて釣り合いがとれないこと。
0,豹は死して皮を留め、人は死して名を留む,ひょうはししてかわをとどめ、ひとはししてなをとどむ,虎は死して皮を留め、人は死して名を残すを参照
0,火を見たら火事と思え,ひをみたらかじとおもえ,なにごとにも万一に備えて注意・警戒を怠らないようにせよということ。
0,牝鶏晨す,ひんけいあしたす,"女性が権勢を振るうこと。
家庭や国を滅ぶ前兆とされる。"
0,貧すれば鈍する,ひんすればどんする,貧乏をすると、生活の苦しさのために心が愚鈍になること。
0,貧乏柿の核沢山,びんぼうがきのさねだくさん,貧乏人には子供が多いということ。
0,貧乏人の子沢山,びんぼうにんのこだくさん,貧乏人には子供が多いということ。
0,風雲急を告げる,ふううんきゅうをつげる,情勢が不安定で、今にも事の起こりそうな状態のこと。
0,富貴天に在り,ふうきてんにあり,富や地位を得るのは天が定めるものであって、人の力ではどうすることもできないということ。
0,風樹の歎,ふうじゅのたん,樹静かならんと欲すれども風止まずを参照
0,夫婦は合わせ物離れ物,ふうふはあわせものはなれもの,夫婦はもともと他人同士が結ばれたものだから、別れることがあってもしかたがないということ。
0,夫婦は他人の集まり,ふうふはたにんのあつまり,夫婦は他人同士がまとまったのだから、別れることがあってもしかたがないということ。
0,風流は寒いもの,ふうりゅうはさむいもの,風流を理解する心がない者には、雪見や月見などは寒いだけでつまらないということ。
0,笛吹けども踊らず,ふえふけどもおどらず,あらゆる手段で誘っても、だれも応じる者がいないこと。
0,覆車の戒め,ふくしゃのいましめ,前車の覆るは後車の戒めを参照
0,腹心を布く,ふくしんをしく,隠すことなく本心を打ち明けること。
0,覆水盆に返らず,ふくすいぼんにかえらず,"1.一度離婚した夫婦は元に戻ることはできない。
2.一度起きてしまった事は二度と元には戻らない。"
0,不俱戴天,ふぐたいてん,生かしてはおけないと思うほど深く恨むこと。
0,河豚は食いたし命は惜しし,ふぐはくいたしいのちはおしし,美味な河豚は食いたいが、毒に中（あた）って死ぬ惧れがあるので命が惜しい。危険を伴う物事の実行をためらうことのたとえ。
0,巫山の夢,ふざんのゆめ,男女が情を交わすこと。
0,富士の山ほど願うて蟻塚ほど叶う,ふじのやまほどねごうてありづかほどかなう,棒ほど願って針ほど叶うを参照
0,武士は食わねど高楊枝,ぶしはくわねどたかようじ,"貧しくても品格を持って生きるべきということ。
やせがまんをすること。"
0,豚に真珠,ぶたにしんじゅ,豚に真珠を与えても、豚はその価値を知らないので何の意味もない。このように、どんな立派なものでも、その価値を知らない者にとってはなんの役にも立たないものである。
0,好きの道に辛労なし,すきのみちにしんろうなし,好きには身をやつすを参照
0,淵に雨,ふちにあめ,"たいした効果もないこと。
無駄な努力のこと。"
0,普天の下率土の浜,ふてんのもとそっとのひん,全世界。天下。
0,父母の恩は山よりも高く海よりも深し,ふぼのおんはやまよりもたかくうみよりもふかし,父の恩は山よりも高く母の恩は海よりも深しを参照
0,文は遣りたし書く手は持たず,ふみはやりたしかくてはもたず,好きな人に恋文を書きたいが、文章がうまく書けないので悲嘆すること。
0,不身持ちの儒者が医者の不養生をそしる,ふみもちのじゅしゃがいしゃのふようじょうをそしる,自分のことを省みずに，他人の欠点を非難すること。
0,冬編笠に夏頭巾,ふゆあみがさになつずきん,ものごとが逆さまであること。
0,蜉蝣の一期,ふゆうのいちご,人生は短くはかないこと。
0,冬来りなば春遠からじ,ふゆきたりなばはるとおからじ,辛い時期を耐え忍べば、幸せな時期が巡ってくるということ。
0,冬の雪売り,ふゆのゆきうり,あり余っている物を売っても誰も買う者などいないということ。
0,降らぬ先の傘,ふらぬさきのかさ,濡れぬ先の傘を参照
0,降りかかる火の粉は払わねばならぬ,ふりかかるひのこははらわねばならぬ,自分に降りかかってくる災いは自分自身で対処しなければならないということ。
0,古い友達と古い葡萄酒に勝るものなし,ふるいともだちとふるいぶどうしゅにまさるものなし,ワインは熟成させたほうが味がよくなり、古くからの友人は互いに相手のことがよく分かり頼りになるということ。
0,故きを温ねて新しきを知る,ふるきをたずねてあたらしきをしる,温故知新を参照
0,付和雷同,ふわらいどう,一定の主義・主張がなく、やすやすと他人の意見に賛成すること
0,刎頸の交わり,ふんけいのまじわり,非常に親密な交際のこと。
0,踏んだり蹴ったり,ふんだりけったり,災難な不運に重ねて受けること。
0,糞土の牆は杇るべからず,ふんどのしょうはぬるべからず,怠け者は教育する甲斐がないということ。
0,分別過ぐれば愚に返る,ふんべつすぐればぐにかえる,あまりも思慮深いと、かえってつまらない考えになってしまうこと。
0,分別なき者に怖じよ,ふんべつなきものにおじよ,道理をわきまえていないものは何をするかわからないので注意せよということ。
0,米寿,べいじゅ,八十八歳のこと。
0,平地に波瀾を起こす,へいちにはらんをおこす,わざわざ、もめごとを引き起こすこと。
0,臍が茶を沸かす,へそがちゃをわかす,"おかしくてたまらないこと。
ばかばかしくてしょうがないこと。"
0,下手があるので上手が知れる,へたがあるのでじょうずがしれる,物事は劣っていることがあるからこそ、優れていることがわかるということ。
0,下手な大工でのみ一丁,へたなだいくでのみいっちょう,酒を飲むこと以外に平凡でおもしろみがないこと。
0,下手の考え休むに似たり,へたのかんがえやすむににたり,良い知恵がないのに長考するのは時間の無駄だということ。
0,下手の道具調べ,へたのどうぐしらべ,仕事の下手な者にかぎって道具を調べたがるということ。
0,下手の長糸、上手の小糸,へたのながいと、じょうずのこいと,"裁縫の上手な人は適度な糸の長さで効率よく作業をするが、
下手な人は針に糸を通す回数を減らすために長い糸で作業をするが、糸がからまったり、もつれてかえって作業がしにくくなることから。"
0,下手の横好き,へたのよこずき,技術のない人が無闇に好きなこと。
0,下手は上手の飾り物,へたはじょうずのかざりもの,下手な人がいることで、上手な人が引き立って見えるということ。
0,蛇が蚊を吞んだよう,へびがかをのんだよう,"少なすぎて腹の足しにならないこと。
物足りないこと。"
0,蛇に噛まれて朽ち縄に怖じる,へびにかまれてくちなわにおじる,一度災難にあったために必要以上に用心深くなること。
0,蛇に睨まれた蛙,へびににらまれたかえる,身がすくんで動くことができないこと。
0,蛇に見込まれた蛙,へびにみこまれたかえる,蛇に睨まれた蛙を参照
0,蓮は泥より出でて泥に染まらず,はすはでいよりいでてでいにそまらず,周りが汚れた環境であっても、それに染まらずに清らかさを保っていること。
0,判官贔屓,ほうがんびいき,弱い立場に置かれている者に対して同情を寄せること。
0,坊主憎けりゃ袈裟まで憎い,ぼうずにくけりゃけさまでにくい,あるものを憎むとそれに関連する全てのものが憎くなってくるということ。
0,棒ほど願って針ほど叶う,ぼうほどねがってはりほどかなう,望みや願いを大きく持っていても、わずかしか叶わないこと。
0,亡羊の嘆,ぼうようのたん,多岐亡羊を参照
0,暴を以て暴に易う,ぼうをもってぼうにかう,"暴力に対しては暴力で対応すること。
無駄なこと。"
0,咆える犬はめったに噛まぬ,ほえるいぬはめったにかまぬ,磯際で船を破るを参照
0,木石に非ず,ぼくせきにあらず,人木石に非ずを参照
0,牡丹に唐獅子、竹に虎,ぼたんにからじし、たけにとら,絵になるような、よく釣り合うもののこと。
0,仏作って魂入れず,ほとけつくってたましいいれず,手間暇かけて作りながら、肝心なものが抜け落ちていること。
0,仏の顔も三度,ほとけのかおもさんど,いかに温和なでも、無礼を重ねられれば怒り出すということ。
0,仏の沙汰は僧が知る,ほとけのさたはそうがしる,その道のことは専門家に任せたほうがよいということ。
0,仏も昔は凡夫なり,ほとけもむかしはぼんぷなり,努力をすれば誰でも立派な人物になれるということ。
0,骨折り損のくたびれ儲け,ほねおりぞんのくたびれもうけ,全く利益の伴わない無駄な努力。
0,惚れた欲目,ほれたよくめ,惚れた相手は実際以上によく思ってしまうこと。
0,惚れて通えば千里も一里,ほれてかよえばせんりもいちり,惚れた相手に会いに行く時は、遠い道のりも近く感じられるということ。
0,盆過ぎての鯖商い,ぼんすぎてのさばあきない,時期はずれのこと。
0,盆と正月が一緒に来たよう,ぼんとしょうがつがいっしょにきたよう,"非常に忙しいこと。
うれしいことが重なること。"
0,煩悩の犬は追えども去らず,ぼんのうのいぬはおえどもさらず,犬がまといついて離れないように、人の欲望もなかなか離れないということ。
0,参らぬ仏に罰は当たらぬ,まいらぬほとけにばちはあたらぬ,何事にも関わりを持たなければ災いを招くこともないこと。
0,蒔かぬ種は生えぬ,まかぬたねははえぬ,"原因がなければ結果はないということ。
努力がなければ、良い結果は生じないということ。"
0,負けるが勝ち,まけるがかち,場合によっては争わずに相手に勝ちを譲った方が、結果的に有利になり勝ちにつながることがるということ。
0,麻姑搔痒,まこそうよう,思っている通りに物事が運ぶこと。
0,馬子にも衣装,まごにもいしょう,"1.（原義　馬子のように下賎な者でも立派な衣装を着ると立派な人に見えることから）見た目が立派だからと言って、中身がそれに伴っているというものではないという警句。
2.中身が無くても、見た目をそれなりに整えれば、ごまかせるものである。
3.（おそらく、語義1を用い謙遜として言ったものから、目下の相手に対して諧謔的に賞賛する用法に転じたもの）普段地味な人が、立派な衣装を着て見違えるようになった様をほめたもの。"
0,待たぬ月日は経ちやすい,またぬつきひはたちやすい,月日は、待っていないときにはあっという間に過ぎ去ってしまうが、何かを待っている時にはなかなか経たないということ。
0,待たるるとも待つ身になるな,またるるともまつみになるな,人を待つのは不快なので、人を待たせることがあっても自分は待つ立場にはならないほうがよいということ。
0,麻中の蓬,まちゅうのよもぎ,麻の中の蓬を参照
0,松かさより年かさ,まつかさよりとしかさ,年長の者は経験が豊富で、知識が役立つということ。
0,マッチポンプ,まっちぽんぷ,自作自演のこと。
0,祭りの渡った後のよう,まつりのわたったあとのよう,にぎやかな状態から、急にひっそりとすること。
0,待てば海路の日和あり,まてばかいろのひよりあり,今は思うようにいかなくても、じっと待てばそのうちにチャンスがめぐってくる。だから辛抱強く待てということ。
0,俎板の鯉,まないたのこい,相手のなすがままにさせておくこと。
0,学ぶ門に書来る,まなぶかどにふみきたる,"読書が好きな人のところに自然と書物が集まってくることから、
日頃から好きで努力している人には、おのずと好機が訪れるということ。"
0,迷わぬ者に悟りなし,まよわぬものにさとりなし,悩みや疑いを持つことで人は成長するもので、迷いもしない者は悟ることはないということ。
0,迷わんよりは問え,まよわんよりはとえ,一人であれこれ考えて苦しむよりも、人に尋ねたほうがよいということ。
0,丸い卵も切りようで四角,まるいたまごもきりようでしかく,扱い方しだいで円満にもなり、角が立つこともあるということ。
0,丸くとも一角あれや人心,まるくともひとかどあれやひとごころ,丸くて温厚な性格は素晴らしいが、どこかに尖っている部分があったほうがよいということ。
0,見栄張るより頰張れ,みえばるよりほおばれ,体裁を取り繕うよりも、実益を優先させろということ。
0,身から出た錆,みからでたさび,自分の行いが報いとなって災いが起こること。
0,右から左,みぎからひだり,"受け取った金銭をすぐに他の人に渡してしまうこと。
すぐに物事が行われること。"
0,見ざる聞かざる言わざる,みざるきかざるいわざる,余計なことは見ない、聞かない、言わないほうがよいということ。
0,水到りて渠成る,みずいたりてきょなる,学問を積めば、おのずと人格が身につくということ。
0,水清ければ月宿る,みすきよければつきやどる,心が清く澄んでいる人には、神仏の恩恵があるということ。
0,水心あれば魚心,みずごころあればうおごころ,魚心あれば水心ありを参照
0,水積もりて魚聚まる,みずつもりてうおあつまる,利益のある所に人が集まるということ。
0,水と油,みずとあぶら,性格などが反対でお互いの気が合わないこと。
0,水の泡となる,みずのあわとなる,水泡に帰すを参照
0,水は方円の器に随う,みずはほうえんのうつわにしたがう,人は、環境や交友関係によって、よくも悪くもなるということ。
0,水を得た魚のよう,みずをえたうおのよう,能力を発揮できる場を得て、活気があふれていること。
0,身銭を切る,みぜにをきる,自分の金で代金を支払うこと。
0,味噌を付ける,みそをつける,失敗して面目を失うこと。
0,三たび肱を折って良医と成る,みたびひじをおってりょういとなる,自分で痛みや苦しさを知り、はじめて人間として大成するということ。
0,三日見ぬ間の桜,みっかみぬまのさくら,世の中は三日見ぬ間の桜かなを参照
0,三つ子の魂百まで,みつごのたましいひゃくまで,幼い頃の性質は一生変（か）わらないこと。
0,満つれば虧く,みつればかく,月満つれば則ち虧くを参照
0,見ぬ物清し,みぬものきよし,実際はきたない物事も、見なければ気にならないということ。
0,実の生る木は花から知れる,みのなるきははなからしれる,偉大な人物は子供のころから凡人とは違ったところがあるということ。
0,六日の菖蒲、十日の菊,むいかのあやめ、とおかのきく,時期遅れで役に立たないこと。
0,昔千里も今一里,むかしせんりもいまいちり,すぐれた人物でも、年をとれば凡人よりおとるということ。
0,昔取った杵柄,むかしとったきねづか,若いころに身につけた技術のこと。
0,昔の剣今の菜刀,むかしのつるぎいまのながたな,昔はよかったものでも、今では役に立たないこと。
0,百足のあだ転び,むかでのあだころび,無数の足があるムカデも、時には転ぶこともあるように、その道の達人でも、時には失敗することもあるということ。
0,麦飯で鯉を釣る,むぎいいでこいをつる,わずかな元手で大きな利益を得ること。
0,胸に釘,むねにくぎ,急所をつかれてうろたえること。
0,無念無想,むねんむそう,邪念を捨て去り、無心になること。
0,無理が通れば道理引っ込む,むりがとおればどうりひっこむ,道理に外れた行為がまかり通る世の中では、正しい事が行われなくなるということ。
0,無理も通れば道理になる,むりもとおればどうりになる,不道徳な行為でも強引にやり遂げれば道理になるということ。
0,明鏡止水,めいきょうしすい,邪念がなく、心が清らかで澄みきっていること。
0,明鏡も裏を照らさず,めいきょうもうらをてらさず,賢明な人にも、目の届かないことがあるということ。
0,妻いとしの子いとし,めいとしのこいとし,妻や子を溺愛するあまり、親や兄弟を軽く扱ってしまうこと。
0,冥途の道には王なし,めいどのみちにはおうなし,"あの世では貧富の差がなく平等であるということ。
死はだれにも差別なく、免れることはできないということ。"
0,命は天に在り,めいはてんにあり,人の運命は天によって決まっているので、人の力ではどうすることもできないということ。
0,目から鱗が落ちる,めからうろこがおちる,何かがきっかけになって、物事の実態が理解できるようになること。
0,目から鼻へ抜ける,めからはなへぬける,"頭の回転が非常によいこと。
動作が素早いこと。"
0,目糞鼻糞を笑う,めくそはなくそをわらう,鼻糞目糞を笑うを参照
0,目高も魚のうち,めだかもととのうち,つまらない人物でも仲間であるということ。
0,目には青葉、山時鳥、初鰹,めにはあおば、やまほととぎす、はつがつお,初夏の季節感を表現した句。
0,1コペイカのろうそくでモスクワは焼け落ちた,いちこぺいかのろうそくでもすくわはやけおちた,"ほんの小さな原因が重大な結果につながった。
蟻の穴から堤も崩れる。"
0,目の正月,めのしょうがつ,珍しい物や美しい物などを見て楽しむこと。
0,目の寄る所へは玉も寄る,めのよるところへはたまもよる,同類のものが自然と集まってくること。
0,目は口ほどに物を言う,めはくちほどにものをいう,言葉にしなくても、目の表情で相手に気持ちが伝わるということ。
0,雌鶏うたえば家滅ぶ,めんどりうたえばいえほろぶ,周の武王、古人引用、司馬遷『史記』「周本紀」、『書経』「牧誓」にも
0,面皮を剝ぐ,めんぴをはぐ,厚かましく何食わぬ顔をしている者の正体をあばくこと。
0,面目躍如,めんぼくやくじょ,世間の評価に値する活躍をし、姿が生き生きと現れていること。
0,盲亀の浮木,もうきのふぼく,めったにないこと。
0,孟母断機,もうぼだんき,断機の戒めを参照
0,燃えついてからの火祈祷,もえついてからのひきとう,手遅れで間に合わないこと。
0,燃える火に薪を添う,もえるひにたきぎをそう,勢いの盛んなものに、さらに勢いを加えること。
0,餅は餅屋,もちはもちや,物事はその道の専門家に任せるのがよいということ。
0,沐猴にして冠す,もっこうにしてかんす,見かけは立派だが、心は下品であること。
0,持ったが病,もったがやまい,持たなければ大したこともなかったのに、中途半端に持ってしまったためにわずらわしくなること。
0,物言えば唇寒し秋の風,ものいえばくちびるさむしあきのかぜ,余計なことを言うと災いを招くということ。
0,物には時節,ものにはじせつ,どんな事でも、それをするにふさわしい時期があるということ。
0,紅葉を散らす,もみじをちらす,顔に紅葉を散らすを参照
0,桃栗三年柿八年,ももくりさんねんかきはちねん,何事も成就するまでには相応の年月が必要だということ。
0,貰う物は夏も小袖,もらうものはなつもこそで,欲深いこと。
0,文殊も知恵のこぼれ,もんじゅもちえのこぼれ,賢者でも、ときには失敗をすること。
0,門前の小僧習わぬ経を読む,もんぜんのこぞうならわぬきょうをよむ,つね日ごろ見聞きしていることは、いつのまにか覚えてしまうということ。
0,焼きが回る,やきがまわる,年をとるなどして能力が鈍くなること。
0,役者が一枚上,やくしゃがいちまいうえ,相手より能力などが一段と優れていること。
0,役者に年なし,やくしゃにとしなし,役者はどんな年齢の役でも巧みに演じるので、いつまでも若いということ。
0,薬石効なし,やくせきこうなし,薬や治療をいろいろ試してみたものの効果がなく回復のきざしが見えないこと
0,焼け石に水,やけいしにみず,事態が悪化するまでは、それを収拾するのに効果のあった対処法であっても、悪化してしまった後の状況となっては、何の効果もないこと。
0,焼けたあとの火の用心,やけたあとのひのようじん,火事あとの火の用心を参照
0,安かろう悪かろう,やすかろうわるかろう,値段が安ければそれだけ質が落ちるので、いい物はないということ。
0,安きを偸む,やすきをぬすむ,偸安を参照
0,安物買いの銭失い,やすものかいのぜにうしない,安いものは品質が悪く、すぐに壊れて買い替える必要があるので、高いものを買うより損だということ。
0,鑢と薬の飲み違い,やすりとくすりののみちがい,早とちりしてしまうこと。
0,廋せ腕にも骨,やせうでにもほね,弱い者でも、志を持っているのであなどってはいけないということ。
0,奴に髭がないよう,やっこにひげがないよう,あるべきものがなくて、拍子抜けしてしまうこと。
0,宿取らば一に方角、二に雪隠、三に戸締まり、四には火の元,やどとらばいちにほうがく、ににせっちん、さんにとじまり、しにはひのもと,旅先の宿での注意事項を順序立てたことば。
0,柳に風,やなぎにかぜ,相手に逆らわずに穏やかにあしらうこと。
0,柳に雪折れなし,やなぎにゆきおれなし,軟弱に見えるものでも、案外堅いものよりも強いということ。
0,柳の下の鰌,やなぎのしたのどじょう,（「柳の下にいつも泥鰌はいない」又は「いつも柳の下に泥鰌はいない」より）一度偶然にうまくいったからといって、もう一度繰り返してもまたうまくいくとは限らないということ。都合の良い偶然の好機。
0,藪から棒,やぶからぼう,突然に物事を行うこと。
0,藪蛇,やぶへび,藪をつついて蛇を出すを参照
0,破れても小袖,やぶれてもこそで,質の良いものは状態が悪くなっても価値は変わらないということ。
0,藪をつついて蛇を出す,やぶをつついてへびをだす,余計なことをして、思いもしない悪い結果を招くこと。
0,病膏肓に入る,やまいこうこうにいる,何かに熱中して抜け出せなくこと。
0,病は口より入り、禍は口より出ず,やまいはくちよりいり、わざわいはくちよりいず,口は慎まなければいけないということ。
0,山に蛤を求む,やまにはまぐりをもとむ,方法が見当違いで実現できないこと。
0,山の奥にも都あり,やまのおくにもみやこあり,山奥の地であっても、暮らしてみると良いところがあるということ。
0,山より大きな猪は出ぬ,やまよりおおきないのししはでぬ,誇張するのもほどほどにしろということ。
0,闇夜に烏、雪に鷺,やみよにからす、ゆきにさぎ,見分けがつかないこと。
0,闇夜の提灯,やみよのちょうちん,困っているときに、望んでいたものに巡りあうこと。
0,槍玉に上げる,やりだまにあげる,多くの中から選んで攻撃や非難の対象にすること。
0,勇往邁進,ゆうおうまいしん,恐れることなく、目標に向かって突き進むこと。
0,有終の美を飾る,ゆうしゅうのびをかざる,最後までやりとおし、立派な成果をあげること。
0,雄弁は銀、沈黙は金,ゆうべんはぎん、ちんもくはきん,沈黙は金、雄弁は銀を参照
0,幽明境を異にする,ゆうめいさかいをことにする,死に別れること。
0,夕焼けに鎌を研げ,ゆうやけにかまをとげ,夕焼けは翌日晴れる前兆だから、明日の仕事の準備をしておけということ。
0,幽霊の正体見たり枯れ尾花,ゆうれいのしょうたいみたりかれおばな,不安を抱いていると、何でもないものでも恐ろしいものに見えてしまうが、よく見てみると平凡なものであるということ。
0,行き大名の帰り乞食,ゆきだいみょうのかえりこじき,旅行などで計画性なく金を使ってしまい、帰りにみじめな思いをすること。
0,雪と墨,ゆきとすみ,二つの物事が正反対であること。
0,雪の上に霜,ゆきのうえにしも,むだなこと。
0,雪は豊年の瑞,ゆきはほうねんのしるし,雪がたくさん降ることは、その年が豊作の前兆だということ。
0,雪仏の水遊び,ゆきぼとけのみずあそび,自分から災いを招いて身を滅ぼすこと。
0,雪や氷も元は水,ゆきやこおりももとはみず,元は同じでも、環境などによって異なったものになるということ。
0,往く者は追わず、来る者は拒まず,ゆくものはおわず、きたるものはこばまず,立ち去る者を引き止めるようなことはせず、やって来る者はだれでも受け入れるということ。
0,油断大敵,ゆだんたいてき,注意を怠ると思わぬ失敗を招くので、気を引き締めるべきであるということ。
0,急ぐと滅多にいい事がない,いそぐとめったにいいことがない,Haastige spoed is zelden goed.
0,湯の辞儀は水になる,ゆのじぎはみずになる,遠慮も場合によっては失礼になるということ。
0,夢のまた夢,ゆめのまたゆめ,非常にはかないこと。
0,夢枕に立つ,ゆめまくらにたつ,神仏や先祖などが夢に現れること。
0,ユリイカ,ゆりいか,エウレカを参照
0,宵越しの金は使わぬ,よいごしのかねはつかわぬ,江戸っ子は宵越しの銭は使わぬを参照
0,酔い醒めの水は甘露の味,よいざめのみずはかんろのあじ,酒の酔いがさめた時に飲む水はとても美味しいということ。
0,羊質虎皮,ようしつこひ,外見は立派だが、内容が伴わないこと。
0,羊腸,ようちょう,羊の腸のように曲がりくねっている山道のこと。
0,羊頭狗肉,ようとうくにく,上辺は立派だが内容が伴わないこと。
0,用に叶えば宝なり,ようにかなえばたからなり,粗末な物であっても、目的に適していれば宝のように価値があるということ。
0,様に依りて葫蘆を画く,ようによりてころをえがく,まねをするだけで創意工夫がないこと。
0,よく泳ぐ者は溺る,よくおよぐものはおぼる,得意な技を過信することで身を滅ぼすこと。
0,よく学べよく遊べ,よくまなべよくあそべ,勉強も遊びも立派になるために必要な経験ということ。
0,預言者郷里に容れられず,よげんしゃきょうりにいれられず,優れた人物でも故郷では受け入れられないということ。
0,葦の髄から天井を覗く,よしのずいからてんじょうをのぞく,浅い知識に基づいて、物事を判断すること。
0,淀む水には芥溜まる,よどむみずにはごみたまる,ものごとに変化がない様子が続くと、新鮮さがなくなり、人の精神も腐敗してしまうということ。
0,夜長ければ夢見る,よながければゆめみる,物事が長引くと、不都合が生じることがあるということ。
0,世の中は三日見ぬ間の桜かな,よのなかはみっかみぬまのさくらかな,世の中の移り変わりの早いこと。
0,世は回り持ち,よはまわりもち,金銭や幸運などの運命は人々の間をめぐってくるということ。
0,いやいや三杯遁げ遁げ五杯,いやいやさんばいにげにげごはい,いやいや三杯を参照
0,読むより写せ,よむよりうつせ,十遍読むより一遍写せを参照
0,嫁が姑になる,よめがしゅうとめになる,時の流れが非常に早く、人の境遇も変わりやすいということ。
0,夜目遠目笠の内,よめとおめかさのうち,女性は、夜見るとき、遠くから見るとき、笠をかぶっているところを見たときには美しく見えるということ。
0,嫁と姑、犬と猿,よめとしゅうとめ、いぬとさる,嫁と姑は、犬と猿のように仲の悪いものだということ。
0,弱り目に祟り目,よわりめにたたりめ,災難にあっているとき更に災難にあい災難が重なること。
0,楽あれば苦あり苦あれば楽あり,らくあればくありくあればらくあり,楽しいことの後には苦しいことがあり、苦しいことの後には楽しいことがあり、人生には楽しいことばかりや苦しいことばかりがあるわけではないということ。
0,楽は苦の種苦は楽の種,らくはくのたねくはらくのたね,"楽をすれば後に苦労を生み、苦労をすれば後で楽がやってくるということ。
今の苦労は後の楽になるから耐え忍ぶべきということ。"
0,梨園,りえん,歌舞伎の社会のこと。
0,李下に冠を正さず,りかにかんむりをたださず,人に疑われるようなことをするな。
0,理屈上手の行い下手,りくつじょうずのおこないべた,理屈を述べるのは上手だが、それを行おうとすると全くだめであること。
0,理屈と膏薬はどこへでも付く,りくつとこうやくはどこへでもつく,理屈はつけようと思えば何にでもつけられるということ。
0,利口の猿が手を焼く,りこうのさるがてをやく,自分は頭がよいと慢心している者が、実際の力量以上の仕事に手をつけ困難になること。
0,律義者の子沢山,りちぎもののこだくさん,誠実な人は夫婦仲がよいので子供が多く生まれるということ。
0,理に勝って非に落ちる,りにかってひにおちる,理屈では正しく勝っているが、実際は不利な結果になること。
0,溜飲が下がる,りゅういんがさがる,不平や不満がなくなり気分がすっきりすること。
0,竜虎相搏つ,りゅうこあいうつ,強い者同士が勝敗を争うこと。
0,流水腐らず、戸枢螻せず,りゅうすいくさらず、こすうろうせず,常に活動している者は、停滞したり腐ることはないということ。
0,竜馬の躓き,りゅうめのつまずき,どんなすぐれた人物も、ときには失敗すること。
0,粒粒辛苦,りゅうりゅうしんく,こつこつと地道な努力を重ねること。
0,良禽は木を択ぶ,りょうきんはきをえらぶ,良禽は木を択んで棲むを参照
0,良工は材を択ばず,りょうこうはざいをえらばず,すぐれた職人は、材料の良し悪しは気にしないこと。
0,良賈は深く蔵して虚しきが如し,りょうこはふかくぞうしてむなしきがごとし,賢者は自分の能力をむやみに誇示したりはしないということ。
0,良知良能,りょうちりょうのう,人が生まれながらにもっている知恵や能力のこと。
0,両手に花,りょうてにはな,"一人の男性が二人の女性を引き連れていること。
良いものを二つ同時に手に入れること。"
0,遼東の豕,りょうとうのいのこ,世間知らずで、ひとりよがりであること。
0,良薬は口に苦し,りょうやくはくちににがし,よく効く薬ほど苦くて飲みにくいということ。
0,林間に酒を煖めて紅葉を焼く,りんかんにさけをあたためてこうようをたく,秋の風情を楽しむこと。
0,悋気嫉妬は女の常,りんきしっとはおんなのつね,女性にはやきもちがつきものということ。
0,悋気は女の七つ道具,りんきはおんなのななつどうぐ,やきもちは女性の魅力であり、男性を操縦する手段である。
0,綸言汗の如し,りんげんあせのごとし,天子が一度口にしたことばは、取り消すことができないということ。
0,類は友を呼ぶ,るいはともをよぶ,同じような性質や趣味を持った者は、自然と集まる。
0,塁を摩す,るいをます,"敵陣に迫ること。
技量などが相手と同等まで達すること。"
0,類を以て集まる,るいをもってあつまる,似た者どうしが自然に集まること。
0,礼に始まり、乱に終わる,れいにはじまり、らんにおわる,酒の席では、最初は礼儀正しく振舞われるが、終盤では乱れてしまうこと。
0,連木で腹を切る,れんぎではらをきる,不可能なことのたとえ。
0,蓮華の水に在るが如し,れんげのみずにあるがごとし,汚れた環境の中にいても、それに影響されることなく清らかでいること。
0,老婆心,ろうばしん,忠告・進言などをするときに、自分の気持ちをへりくだっていうこと。
0,老馬の智,ろうばのち,経験豊富な者の知恵は貴重であるということ。
0,ローマにいる時はローマの人がするとおりにせよ,ろーまにいるときはろーまのひとがするとおりにせよ,"Cum fueris Romae, Romano vivito more, cum fueris alibi, vivito sicut ibi
英：When in Rome,　do as the Romans do."
0,ローマは一日にして成らず,ろーまはいちにちにしてならず,立派なことやものは、長年の積み重ねがあって初めて完成するということ。
0,魯魚の誤り,ろぎょのあやまり,文字の誤りのこと。
0,陸地に舟漕ぐ,ろくじにふねこぐ,することができないこと。
0,六十の手習い,ろくじゅうのてならい,年をとってから学問に志すこと。
0,論語読みの論語知らず,ろんごよみのろんごしらず,論語を読んだが内容を理解していない人。転じて、知ったような顔をしているが、物事の本質を理解していない、ということのたとえ。
0,論に負けても実に勝つ,ろんにまけてもじつにかつ,議論では負けても、実利を得られるほうがよいということ。
0,論より証拠,ろんよりしょうこ,物事は、理論や仮定をあれこれ論じても、事実や実例と整合していなければ無意味であるということ。
0,我が糞は臭くなし,わがくそはくさくなし,自分の欠点は自分では気づきにくいということ。
0,我が身の臭さ我知らず,わがみのくささわれしらず,自分の欠点はなかなか気がつかないということ。
0,我が物と思えば軽し笠の雪,わがものとおもえばかるしかさのゆき,苦しい思いも、自分のためになることであれば辛くないということ。
0,禍は口から,わざわいはくちから,よけいなこ不用意な発言はわざわいを招くことがあるので、言葉には注意すべきであるということ。
0,禍を転じて福となす,わざわいをてんじてふくとなす,わざわいにあっても、それを逆用して幸せになるようにすること。
0,和して同ぜず,わしてどうぜず,人と仲良くするが、すべてに同調するようなことはしないこと。
0,渡る世間に鬼はない,わたるせけんにおにはない,薄情な人に出会うことも多いが、世の中そんな人ばかりではなく、親切な人もいるということ。
0,鰐の空涙,わにのそらなみだ,嘘泣きのこと。
0,笑う門には福来たる,わらうかどにはふくきたる,いつも楽しそうにしている家には、おのずと幸せがやってくるという意。
0,藁にも縋る,わらにもすがる,溺れる者は藁をも摑むを参照
0,我思う、故に我あり,われおもう、ゆえにわれあり,世の中の全ての存在を疑うことができるが、そのように意識している自分の存在は疑うことができないということ。
0,我に自由を与えよしからずんば死を与えよ,われにじゆうをあたえよしからずんばしをあたえよ,自由を与えよ、しからずんば死を与えよを参照
0,愛してみれば鼻欠けもえくぼ,あいしてみればはなかけもえくぼ,愛すれば、醜くても美しく見える。「鼻欠け」は、梅毒などで鼻が落ちた大変醜い容貌。
0,悪妻は百年の不作,あくさいはひゃくねんのふさく,できの悪い妻を持った夫は一生不幸であるということ。
0,朝の蜘蛛は福が来る,あさのくもはふくがくる,朝に現れる蜘蛛は福を持ってくるので殺してはならない。
0,鸚鵡よく言えども飛鳥を離れず,おうむよくいえどもひちょうをはなれず,オウムは、いかに言葉を喋ろうとも、鳥類の範囲を脱することはできない。口だけは人まねで立派なことを言うが、行動を伴わないことの例え（礼記より）
0,一樹の蔭,いちじゅのかげ,同じ木陰に宿り雨を避けるのも、偶然ではなく前世からの因縁であるということ。
0,越犬雪に吠ゆ,えっけんゆきにほゆ,当たり前であろうと、無知であれば疑いを抱いてしまう事。
0,群盲象を評す,ぐんもうぞうをひょうす,"1.視野の狭い者が多く集まり、銘々の観点から理解したことを述べ、結果として物事の本質が見失われている状態の喩え。
2.視野の狭い者は、いくら集まったところで、本質を理解することは難しいと言うこと。また、小人物はスケールの大きな人を理解することができないと言うこと。"
0,贈り物の馬の口を見るな,おくりもののうまのくちをみるな,A caval donato non si guarda in bocca.
0,まず自分を助けろ、そうすれば神が助けてくれる,まずじぶんをたすけろ、そうすればかみがたすけてくれる,Aiutati che Dio ti aiuta.
0,贈り物をしない友人、手を差し伸べない親戚、そういう連中を避けろ、疫病を避けるように,おくりものをしないゆうじん、てをさしのべないしんせき、そういうれんちゅうをさけろ、やくびょうをさけるように,"Amicu ca non ti duna, parendi ca non ti mpresta, fuili comu la pesta."
0,蛙の面に小便,かえるのつらにしょうべん,蛙の面に水を参照
0,鍋がやかんを黒いという,なべがやかんをくろいという,"伊：Il bue che dice cornuto all'asino.
英：The pot calls the kettle black."
0,眠っているものは魚を捕らえない,ねむっているものはさかなをとらえない,Chi dorme non piglia pesci.
0,我慢するものが勝つ,がまんするものがかつ,我慢するものが（最後に）勝つ
0,一人きりで食事するものは一人きりで死ぬ,ひとりきりでしょくじするものはひとりきりでしぬ,Chi mangia solo crepa solo.
0,面と向かって話すものは裏切らない,めんとむかってはなすものはうらぎらない,Chi parla in faccia non è traditore.
0,笑いは良い血をつくる,わらいはよいちをつくる,Ir riso fa buon sangue.
0,時はすべてを消し去る,ときはすべてをけしさる,Il tempo tutto cancella.
0,美しいものが美しいのではない、好きなものが美しいのである,うつくしいものがうつくしいのではない、すきなものがうつくしいのである,"Non e' bello cio' che e' bello,ma e' bello cio' che piace."
0,もし薔薇ならば咲くだろう,もしばらならばさくだろう,もし（それが）薔薇ならば咲くだろう
0,いうこととすることの間には、海が横たわっている,いうこととすることのあいだには、うみがよこたわっている,"Tra dire al fare, c'e in mezzo il mare."
0,翻訳者は裏切り者,ほんやくしゃはうらぎりもの,"Traduttore, traditore."
0,導き手、ご主君、お師匠様,みちびきて、ごしゅくん、おししょうさま,"ダンテ・アリギエーリ『神曲』地獄篇第2歌、140行。
ダンテからウェルギリウスへの言葉"
0,横板に雨垂れ,よこいたにあまだれ,ぎこちない話し方のこと。
0,よい母親は百人の師に匹敵する,よいははおやはひゃくにんのしにひってきする,Una buona mamma vale cento maestre.
0,広場へ行け、相談しろ。家へ帰れ、好きなようにやれ,ひろばへいけ、そうだんしろ。いえへかえれ、すきなようにやれ,助言は広く求めろ、だが決めるのは結局自分
0,ナポリを見て死ね,なぽりをみてしね,それだけナポリが美しい街だということ

0,悪い職人はいつも道具をけなす,わるいしょくにんはいつもどうぐをけなす,A bad workman always blames his tools.
0,手の中の一羽の鳥は、藪の中の二羽と同じ価値がある,てのなかのいちわのとりは、やぶのなかのにわとおなじかちがある,A bird in the hand is worth two in the bush.
0,骨折した骨は治ったら丈夫になる,こっせつしたほねはなおったらじょうぶになる,A broken bone is the stronger when it is well set.
0,不在は心に好意を育てる,ふざいはこころにこういをそだてる,Absence makes the heart grow fonder.
0,猫でも王様を見に行ける,ねこでもおおさまをみにいける,賎しい人でも相応の権利はある。
0,鎖は一番弱い輪より、強くはならない,くさりはいちばんよわいわより、つよくはならない,the weakest link とも
0,きしる門は長く保つ,きしるもんはながくたもつ,少しくらい病気があったほうが、長生きする。
0,行動は言葉より雄弁に語る,こうどうはことばよりゆうべんにかたる,Actions speak louder than words.
0,阿呆は金とすぐに分かれる,あほうはかねとすぐにわかれる,分別のない人はすぐに金を使い果たす
0,仕事ばかりで遊びがないと、ジャックは愚か者になる,しごとばかりであそびがないと、じゃっくはおろかものになる,ジャック(日本で言う太郎、花子など)
0,陽気な心は長生きをもたらす,ようきなこころはながいきをもたらす,A merry heart makes a long life.
0,狐はねぐらを最初にかぎ当てる,きつねはねぐらをさいしょにかぎあてる,A fox smells its own lair first.
0,苦難にあるときの友人は真実の友人,くなんにあるときのゆうじんはしんじつのゆうじん,A friend in need is a friend indeed.
0,嵐の後には凪が来る,あらしのあとにはなぎがくる,After a storm comes a calm.
0,正餐の後は少し座れ、夕食の後は1マイル歩け,せいさんのあとはすこしすわれ、ゆうしょくのあとは1まいるあるけ,"After dinner sit a while, after supper walk a mile."
0,雨の後には晴れが来る,あめのあとにははれがくる,After rain comes fair weather.
0,初めがよければ、終わりもよい,はじめがよければ、おわりもよい,A good beginning makes a good ending.
0,悪人に囲まれた善人は、最も悪人に見えるものだ,あくにんにかこまれたぜんにんは、もっともあくにんにみえるものだ,A good man in an evil society seems the greatest villain of all.
0,よい外科医は鷹の目、ライオンの心、淑女の手を持っている,よいげかいはたかのめ、らいおんのこころ、しゅくじょのてをもっている,"A good surgeon has an eagle's eye, a lion's heart, and a lady's hand."
0,罪の意識は告発者を必要としない,つみのいしきはこくはつしゃをひつようとしない,A guilty conscience needs no accuser.
0,行く言葉が柔らかくてこそ、来る言葉も柔らかい,いくことばがやわらかくてこそ、くることばもやわらかい,ことば遣いには気をつけよ
0,書堂の犬三年で風月を詠む,しょどうのいぬさんねんでふうげつをよむ,서당개 삼 년에 풍월 읊는다.
0,めんどりが鳴けば家が亡びる,めんどりがなけばいえがほろびる,中国の諺　牝鶏之晨、惟家之索　--　『史記』「周本紀」「周の武王、古人引用」司馬遷『書経』「牧誓」にも。
0,天の星取り,てんのほしとり,不可能なこと。
0,山は山を求めないが、人は人を求める,やまはやまをもとめないが、ひとはひとをもとめる,"Mendiak mendia behar ez du, baina gizonak gizona bai."
0,心と体が健康であれかし。,こころとからだがけんこうであれかし,ユウェナリス10番目の詩
0,人間の敵は人間,にんげんのてきはにんげん,『ロバ物語』プラウトゥス（ローマの喜劇作家）
0,賽は投げられた,さいはなげられた,ガイウス・ユリウス・カエサルに帰される
0,ゆっくりと急げ,ゆっくりといそげ,アウグストゥス（スエトニウス「アウグストゥス伝」25）
0,信用せよ。でも人をよく見極めた上で,しんようせよ。でもひとをよくみきわめたうえで,Fide sed qui vide
0,なんでも出来る人には、すぐれた芸はない,なんでもできるひとには、すぐれたげいはない,A jack of all trades is master of none.
0,嘘には脚がない,うそにはあしがない,A lie has no legs.
0,真実が靴を履いている間に、嘘は世界を半分回ってくる,しんじつがくつをはいているあいだに、うそはせかいをはんぶんまわってくる,A lie can be halfway around the world before the truth gets its boots on.
0,少ししか学んでいないということは危険なことだ,すこししかまなんでいないということはきけんなことだ,A little learning is a dangerous thing.
0,悲観的な人はたんによく知っている楽観的な人だ,ひかんてきなひとはたんによくしっているらっかんてきなひとだ,A pessimist is simply an informed optimist
0,社会あるところに法あり,しゃかいあるところにほうあり,"ラテン語だと""Ubi societas, ibi jus."""

0,権利の上に眠るものは保護されない,けんりのうえにねむるものはほごされない,権利を行使しないと消滅時効にかかるが、その根拠となる考え方である
0,疑わしきは被告人の利益に,うたがわしきはひこくにんのりえきに,推定無罪の原則。「疑わしきは罰せず。」とも
0,法律なくして刑罰なし,ほうりつなくしてけいばつなし,罪刑法定主義を示す法諺。
0,買い主は警戒せよ,かいぬしはけいかいせよ,"元となったラテン語の法諺は""Caveat emptor.""というもの"
0,特別法は一般法を破る,とくべつほうはいっぱんほうをこうむる,Lex specialis derogat generali.



0,悪法も法である,あくほうもほうである,Gestetz ist Gesetz. - 法実証主義
0,目には目を、歯には歯を,めにはめを、はにははを,ハンムラビ法典
0,訴えがなければ裁判はない,うったえがなければさいばんはない,処分権主義（民事訴訟法246条）


0,猫は魚を愛する、しかし脚が濡れるのを厭う,ねこはさかなをあいする、しかしあしがぬれるのをいとう,All cats love fish but hate to get their paws wet.
0,すべての花がひとつの花輪に納まるわけではない,すべてのはながひとつのはなわにおさまるわけではない,All flowers are not in one garland.
0,すべてのよいことはいつか終わる,すべてのよいことはいつかおわる,All good things come to an end.
0,愛と戦争ではすべてのことが正当化される,あいとせんそうではすべてのことがせいとうかされる,All is fair in love and war.
0,神は一つのドアを閉めても千のドアを開けている,神は一つのどあを閉めても千のどあを開けている,Allah bin kapiyi kaparsa bin kapiyi açar.
0,光るものすべて金ならず,ひかるものすべてきんならず,見かけだけでは判断はできない
0,待つものの所にすべては来る,まつもののところにすべてはくる,All things come to him who waits.
0,すこし逸れたのと一マイル逸れたのは同じ,すこしそれたのといちまいるそれたのはおなじ,危機一髪でも回避は回避ということ
0,一日一個のリンゴは医者を遠ざける,いちにちいっこのりんごはいしゃをとおざける,An apple a day keeps the doctor away.
0,中身のない袋はまっすぐに立たない,なかみのないふくろはまっすぐにたたない,An empty bag will not stand upright.
0,1オンス分の予防は、1ポンド分の治療の価値がある,いちおんすぶんのよぼうは、いちぽんどぶんのちりょうのかちがある,An ounce of prevention is worth a pound of cure.
0,節約した1ペニーは稼いだ1ペニーの価値がある,せつやくしたいちぺにーはかせいだいちぺにーのかちがある,A penny saved is a penny earned.
0,誰と付き合うかでその人がどんな人かは分かる,だれとつきあうかでそのひとがどんなひとかわかる,A person is known by the company he keeps.
0,ポット一杯のミルクは1滴の毒で台無しになる,ぽっといっぱいのみるくはいってきのどくでだいなしになる,A Pot of milk is ruined by a drop of poison.
0,四月の雨は五月に花を咲かせる,しがつのあめはごがつにはなをさかせる,April showers bring May flowers.
0,彼らはすべての言うように,かれらはすべてのいうように,As they all say.
0,もとめなさい、そうすれば得られる,もとめなさい、そうすればえられる,新約聖書
0,私に質問するな。私はあなたに嘘はつかない,わたしにしつもんするな。わたしはあなたにうそはつかない,"Ask me no questions, I'll tell you no lies."
0,質問するな、そうすれば嘘をきくこともない,しつもんするな、そうすればうそをきくこともない,Ask no questions and hear no lies.
0,健全な心は健全な肉体に宿る,けんぜんなこころはけんぜんなにくたいにやどる,"ユウェナリス10番目の詩の""Mens sana in corpore sano""が出典。出典元は、心と体が健康であれかしという意。"
0,時に応じた一針は九針を節約する,ときにおうじたひとはりはきゅうはりをせつやくする,A stitch in time saves nine.
0,ベッドを仕度するなら、そこで寝ることになるだろう,べっどをしたくするなら、そこでねることになるだろう,"As you make your bed, so you must lie in it."
0,人は播いたものを刈り取る,ひとはまいたものをかりとる,新約聖書ガラテヤ書6章7節から
0,女の仕事は決して終わらない,おんなのしごとはけっしておわらない,A woman's work is never done.
0,魚が自転車を必要としないように、女は男を必要としない,さかながじてんしゃをひつようとしないように、おんなはおとこをひつようとしない,A woman needs a man like a fish needs a bicycle.
0,賢者への言葉は一言で足りる,けんじゃへのことばはひとことでたりる,A word to the wise is enough (or sufficient.)
0,話された言葉は取り返せない,はなされたことばはとりかえせない,A word spoken is past recalling.
0,生兵法は大疵のもと,なまびょうほうはおおきずのもと,生兵法は大怪我のもとを参照
0,乞食は選べない,こじきはえらべない,Beggars can't be choosers.
0,まったくないより、遅れてくるほうがいい,まったくないより、おくれてくるほうがいい,Better late than never.
0,悪魔を知らないより、知っているほうがよい,あくまをしらないより、しっているほうがいい,危険を知らないより、事前に知っているほうがよいということ
0,同じ羽の鳥は集まる,おなじはねのとりはあつまる,Birds of a feather flock together.
0,血液は生命である,けつえきはせいめいである,Blood is the life.
0,男の子と女の子は等しくなければなりません,おとこのことおんなのこはひとしくなければなりません,Boys and girls must be equal.
0,男の子はいつまでも男の子,おとこのこはいつまでもおとこのこ,すでにラテン語の諺に「男の子はいつまでも男の子、子供っぽい遊びを好む」という同種のものがある。
0,短さはウィットの魂だ,みじかさはうぃっとのたましいだ,冗談は短いものほどよいということ。
0,兄弟は兄弟に敵対する,きょうだいはきょうだいにてきたいする,人間の敵は人間である
0,朝のバターは金、昼は銀、夜は鉛,あさのばたーはきん、ひるはぎん、よるはなまり,脂っこいものを遅くに食べるのは健康によくない。
0,幸運は備えをした心を好む,こううんはそなえをしたこころをこのむ,Chance favors the prepared mind.
0,慈善は家庭から,じぜんはかていから,自分の頭の上のハエを追えということ
0,リンゴ酒をビールに、これは恐れを知らなくさせる。ビールをリンゴ酒に、これは馬乗りをしくじらせる,りんごしゅをびーるに、これはおそれをしらなくさせる。びーるをりんごしゅに、これはうまのりをしくじらせる,似たようなものでも、うまくいくものとそうでないものがあるということ。
0,近い、しかし葉巻はなしだ,ちかい、しかしはまきはなしだ,おしい、もうちょっとだの意。アメリカのカーニバルの力比べで、賞品に葉巻が出たことに由来する。
0,衣裳は人を作らない,いしょうはひとをつくらない,「馬子にも衣装」の逆。
0,常識はみんなのものではない,じょうしきはみんなのものではない,Common sense ain't common.
0,臆病者は何度も死ぬが、勇敢な者は一度限り死ぬ,おくびょうものはなんどもしぬが、ゆうかんなものはいちどかぎりしぬ,臆病者は何度も死について考えるということ
0,最も浅いところで川を渡れ,もっともあさいところでかわをわたれ,無理は禁物ということ
0,好奇心は猫を殺す,こうきしんはねこをころす,Curiosity killed the cat.
0,もっている布にあわせて外套を裁て,もっているぬのにあわせてがいとうをたて,身の程を知れということ
0,近すぎて行ってはいけない,ちかすぎていってはいけない,Do not go too close.
0,起動しません,きどうしません,Does not start.
0,早起きの鳥は虫を捕まえる,はやおきのとりはむしをつかまえる,Early bird gets the worm.
0,生きるために食べろ、食べるために生きるな,いきるためにたべろ、たべるためにいきるな,"Eat to live, don't live to eat.
仏：Il faut manger pour vivre, et non vivre pour manger."
0,空腹のときに食べろ、のどが渇いたときに飲め,くうふくのときにたべろ、のどがかわいたときにのめ,"Eat when you're hungry, and drink when you're dry."
0,東でも西でも、家が一番,ひがしでもにしでも、いえがいちばん,"East or West, home is best."
0,みんなの仕事は誰の仕事でもない,みんなのしごとはだれのしごとでもない,「共同責任は無責任」
0,どんな雲にも銀に輝く面がある,どんなくもにもぎんにかがやくめんがある,どんな逆境にもよい側面があるとの意。「苦は楽の種」
0,どんなルールにも例外がある,どんなるーるにもれいがいがある,Every rule has its exception.
0,失敗は間違った順番です,しっぱいはまちがったじゅんばんです,Failure is the wrong order.
0,従う私を,したがうわたしを,Follow me.
0,今、行く,いま、いく,"Go, now."
0,楽しき我が家,たのしきわがや,Home sweet home.
0,こぼしたミルクを嘆いても仕方がない,こぼしたみるくをなげいてもしかたがない,"英語: It is no use crying over spilt milk.
ポルトガル語: Não adianta chorar o leite derramado."
0,ただそれを忘れている,ただそれをわすれている,Just forget it.
0,カルマはあなたをヒットします,かるまはあなたをひっとします,Karma will hit you.
0,泥棒に泥棒を捕まえさせよ,どろぼうにどろぼうをつかまえさせよ,Let a thief catch a thief
0,跳ぶ前に見よ,とぶまえにみよ,Look before you leap.
0,恋は盲目,こいはもうもく,"英語: Love is blind.
オランダ語: Liefde is blind."
0,愛は決して死なない,あいはけっしてしなない,Love never dies.
0,あなた自身のビジネスを気に,あなたじしんのびじねすをきに,Mind your own business.
0,猿真似,さるまね,見たモノをすぐにまねることのたとえ
0,自前主義,じまえしゅぎ,なんでも自分で開発しないときがすまないこと。
0,痛みなくして得る物なし,いたみなくしてえるものなし,"No pain, no gain"
0,成功程、成功するものはなし,せいこうほど、せいこうするものはなし,成功が次の成功を生む
0,一度がきになればずっとがき,いちどがきになればずっとがき,"Once a brat, always a brat."
0,一度娼婦になればずっと娼婦,いちどしょうふになればずっとしょうふ,"nce a whore, always a whore."
0,命令は命令だ,めいれいはめいれいだ,命令には従わなければならない。
0,赤ん坊のように行動しないでください,あかんぼうのようにこうどうしないでください,Please do not act like a baby.
0,それをしないでください,それをしないでください,Please do not do it.
0,静かにお願いします,しずかにおねがいします,"Quiet, please."
0,ネズミは沈む船を見捨てる,ねずみはしずむふねをみすてる,Rats desert a sinking ship.
0,夕暮れは羊飼いの喜び、朝焼けは羊飼いへの警告,ゆうぐれはひつじかいのよろこび、あさやけはひつじかいへのけいこく,Red sky at night: shepherd's delight. Red sky in the morning: shepherd's warning.
0,夕暮れは船乗りの喜び、朝焼けは船乗りへの警告,ゆうぐれはふなのりのよろこび、あさやけはふなのりへのけいこく,夕焼けは天候がよくなるしるし、朝焼けは天候が崩れるしるし。
0,ルールは破るために作られる,るーるはやぶるためにつくられる,Rules are made to be broken.
0,車輪の再発明,しゃりんのさいはつめい,広く知られた発見発明を知らずに、それを再発見発明してしまうこと。
0,四角い車輪の再発明,しかくいしゃりんのさいはつめい,「車輪の再発明」をしようとしてさらに役に立たないものを作ってしまうこと。
0,終わりは近いです,おわりはちかいです,The end is near.
0,軽蔑は感染する,けいべつはかんせんする,Scorning is catching.
0,誰かがキスを望んでいる,だれかがきすをのぞんでいる,Someone wants a kiss.
0,恋人同士の喧嘩は恋を新たにする,こいびとどうしのけんかはこいをあらたにする,The falling-out of lovers is a renewing of love.
0,ペンは剣よりも強し,ぺんはけんよりもつよし,The pen is mightier than the sword.
0,プディングの味は食べればわかる,ぷでぃんぐのあじはたべればわかる,The proof of the pudding is in the eating.
0,支払うべき価格がある,しはらうべきかかくがある,There is a price to pay.
0,学ぶためにもう一つが常にあります,まなぶためにもうひとつがつねにあります,There is always another to learn.
0,学問に近道なし,がくもんにちかみちなし,学問に王道なしを参照
0,これは男の仕事です,これはおとこのしごとです,This is man's work.
0,声無うて人を呼ぶ,こえのうてひとをよぶ,声なくして人を呼ぶを参照
0,一人より二人がよい,ひとりよりふたりがよい,Two heads are better than one.
0,最高権力,さいこうけんりょく,Ultimate power.
0,残念ながら、いいえ,ざんねんながら、いいえ,"Unfortunately, no."
0,多様性は人生の香辛料,たようせいはじんせいのこうしんりょう,いろいろなことがあったほうが人生面白い
0,我々は証拠を必要としています,われわれはしょうこをひつようとしています,We are in need of evidence.
0,猫がいないとき、ねずみが遊ぶ,ねこがいないとき、ねずみがあそぶ,"When the cat is away, the mice will play.
ポーランド語：Gdy kota nie ma, myszy harcują.　もしくは
Gdy kota myszy nie czują, bezpiecznie się czują"
0,表紙から本はわからぬ,ひょうしからほんはわからぬ,"You can't judge a book by its cover.
You can't tell a book by its cover.とも"
0,卵を割らずにオムレツは作れぬ,たまごをわらずにおむれつはつくれぬ,You can't make an omelette without breaking eggs.
0,過去は変えることができません。しかし未来をより良いものに変えることができます,かこはかえることができません。しかしみらいをよりよいものにかえることができます,"You can not change the past. But however, you can change the future for the better."
0,年取った犬に新しい芸はしこめぬ,としとったいぬにあたらしいげいはしこめぬ,You can't teach an old dog new tricks.
0,離れてズーム,はなれてずーむ,Zoom away.
0,蟻こーぬ持っちん減なゆん,あいこーぬむっちんふぃなゆん,物の少ない事の例え。
0,吠ゆる犬や喰ーらん,あびーるいのーくーらん,騒ぎ立てる者は大したことがないということ
0,慌てる中よーんなぁ,あわてぃーるなーかよーんなー,急いでいる中にもゆっくりと。
0,意地ぬ出じれー手ー引ち手ーぬ出じれー意地引ち,いじぬんじれーてぃーふぃちてぃーぬんじれーいじふぃち,腹が立ったら手を治めよ、手が出そうになったら怒りを治めよ。
0,顔貌や皮どぅやる,かーぎぇーかーどぅやる,美貌も一枚の皮に過ぎないという事
0,喰まん喰まんの七椀,かまんかまんぬななまかい,「食べない、食べない」と言いつつ食べてしまうこと
0,慶良間や見えゆしが睫毛や見えらぬ,きらまーみーゆしがまちげーみーらん,海の向こうの慶良間諸島は見えるが目の上のまつ毛は見えない
0,子とや笑われゆしが銭とや笑わらぬ,くゎとーわらーりーしが、じんとーわらーらん,子供とは笑って暮らしてゆけるが、金銭と笑うわけにはいかない
0,買ーい病んめー,こーいやんめー,頼まれもしないのに余計な事をした結果、怪我をしたり病気になったりした時に使われる。
0,触れぇ三貫、取れぇ十縄,さーれーさんぐゎん、とぅれーとぅなー,触っただけで三貫、取れば十縄も請求される
0,首里人や揃い揃い、那覇人や汝走い走い、久米村人やくん転ばせ,しゅいんちょーしゅりーじゅりー、なーふぁんちょーなーはいばい、くにんだんちょーくんくるばーしぇー,協調主義の首里人、個人主義の那覇人、競争主義の久米村人という、それぞれの気質をあらわした言葉。
0,銭せぞ、銭や儲けらる,じんしどぅ、じのーもうきらる,銭を儲けるためには元手になる銭が必要だということ
0,人先行じ、人後あびり,ちゅさちんじ、ちゅあとぅあびり,（会議･集会などは）人より早く出向き、人よりあとに発言するのが得策だと言う事
0,唐や差し傘、大和や馬ぬ蹄、あんせ沖縄や針ぬ先,とーやさしかさ、やまとーんまぬちまぐ、あんしぇーうちなーやはーいぬさち,それぞれの国の広大さを例えたもの
0,寝んとうしぇー起くさりーしが、寝んたふーなぁや起くさらん,にんとーしぇーうくさりーしが、にんたーふーなーやうくさらん,寝ている者は起こせるが、寝た振りは起こせない
0,火吹きの目から天道拝む,ひーふちぬみーから、てぃんとううがむん,火吹き竹の小さな目から広大な天空を仰ぐ
0,やーさ悪心、難儀根性,やーさあくじむ、なんじくんじょう,空腹は悪心の元、苦労は怒りの元
0,家習いぞ外習い,やーなれーどぅ、ふかなれー,家での習慣が外でも出てしまうということ
0,業の輪は牛車の車輪,ごうのわはぎっしゃのしゃりん,悪いことをすれば（牛車の車輪がゆっくり回るように）遅かれ早かれ、自分に返ってくる
0,主人を選ぶカエル,しゅじんをえらぶかえる,自分の都合のいいようにだけ行動する様
0,火にかけた鷹爪花,ひにかけたおうそうか,結婚経験のある女性。未婚女性よりも結婚生活のある女性の方が男を扱うすべを知っているという意味合いを含める。
0,驚喜するウサギ,きょうきするうさぎ,喜びに目がくらんで周りが目に入らなくなった人を揶揄する言葉。
0,月に騒ぐウサギ,つきにさわぐうさぎ,見分不相応な考えを持つ人を揶揄する言葉。ウサギが月を好むとタイでは考えられていることから。
0,豆に火が通る前にゴマが焦げる,まめにひがとおるまえにごまがこげる,กว่าถั่วจะสุกงาก็ไหม้
0,唐辛子をかぶったカラス,とうがらしをかぶったからす,色黒の人は赤い衣装を好む
0,誰でも顔の黒いカラスさえ覚えていられる,だれでもかおのくろいからすさえおぼえていられる,相手を忘れてはいないことを冗談じみて示唆する言葉。久しぶりに会った友人等に対して使う。
0,屁よりも糞をつかむ方がよい,へよりもくそをつかむほうがよい,ないよりはある方がよい
0,壁に耳あり門に隙間あり,かべにみみありもんにすきまあり,กำแพงมีหู ประตูมีช่อง
0,治癒よりも予防,ちゆよりもよぼう,กันไว้ดีกว่าแก
0,金の枝に翡翠の葉,きんのえだにひすいのは,良縁であること。カップルの相性の良さを誉める場合に使う。
0,キノボリトカゲが金を得る（そして、誇示する）,きのぼりとかげがかねをえる,行いの悪い人ほど、自分の力を誇示したがる。大型のトカゲがタイでは悪運の象徴であり、悪運はすなわち行いが悪い証拠だとされる。
0,家で食し屋根で糞する,いえでしょくしやねでくそする,恩知らずなこと。
0,足を揺らしてトゲを求むる,あしをゆらしてとげをもとめる,不用意に自ら災いを求めること。
0,鶏の美は羽根のせい　女の美は化粧のせい,にわとりのびははねのせい、おんなのびはけしょうのせい,美しくともそうでなくとも、女性は化粧をするに越したことはない
0,宝石を得た鶏,ほうせきをえたにわとり,高価なものを所持しその価値のわからない人を揶揄する言葉
0,蛇の足を知る鶏　鶏の胸を知る蛇,へびのあしをしるにわとり、にわとりのむねをしるへび,互いに弱みを握りあっていること
0,ラムプーン人は高徳の人、チエンマイは美人、ラムパーンは時の人,らむぷーんじんはこうとくのひと、ちえんまいはびじん、らむぱーんはときのひと,ラムパーンはバンコクから鉄道で行くとチエンマイより先につくので他のタイ北部の人よりもバンコクの流行に敏感なはずである、という意味のラムパーン地方の諺
0,ゾウにまたがり、バッタを捕る,ぞうにまたがり、ばったをとる,利益に見合わない過大な投資をすること、効果がないこと、また、適切な方法・用具を用いずに何かをすること。
0,水牛を屠ったら、唐辛子を惜しむな,すいぎゅうをほふったら、とうがらしをおしむな,大きなことをしたら、小さなことでケチってはいけない。
0,両手に魚,りょうてにさかな,欲深く二つ同時に追いかけると、両方見失う
0,モン人は戒律、タイ人は説法、ビルマ人はアビダルマ,もんじんはかいりつ、たいじんはせっぽう、びるまじんはあびだるま,モン族は戒律に厳しくて、タイ人は説法が上手で、ビルマ人はアビダルマを論じるのがうまいという仏教の諺
0,踊り下手を、笛のせいにし、太鼓のせいにする,おどりへたを、ふえのせいにし、たいこのせいにする,すべて他のせいにする人を揶揄する言葉。
0,仙人の猿飼い,せんにんのさるがい,非常にやっかいであることのたとえ。仙人が猿のような知恵の回らないものに禁欲的で哲学的な内容の学問を教えることになぞらえて
0,綺麗なのは姿だけ、キスすりゃ臭う,きれいなのはすがただけ、きすすりゃにおう,美しくとも美しさが見えないような女性は魅力的でない
0,次の池に水を求める,つぎのいけにみずをもとめる,まだ手に入れていないものに対して思いをはせること。
0,万の言葉では飢えを満たすことはできないが、一すくいの水は渇きを癒すことができる,まんのことばではうえをみたすことはできないが、ひとすくいのみずはかわきをいやすことができる,萬句言語吃不飽、一捧流水能解渇
0,百回聞くことは一回見ることに及ばない、百回見ることは一回することに及ばない,ひゃっかいきくことはいっかいみることにおよばない、ひゃっかいみることはいっかいすることにおよばない,百聞不如一見、百見不如一干
0,老樹根多く、老人識る多し,ろうじゅねおおく、ろうじんしるおおし,老木には多くの根があり、老人には多くの知識がある。
0,理があれば勝ち、理が無ければ負ける,りがあればかち、りがなければまける,有理贏 無理輸
0,縄が木を断ち、水滴が石を穿つ,なわがきをたち、すいてきがいしをうがつ,繩鋸木斷 水滴石穿
0,いいことを学ぶのに千日あっても足りないが、悪いことを学ぶのにちょっとの時間で事足りる,いいことをまなぶのにせんにちあってもたりないが、わるいことをまなぶのにちょっとのじかんでことたりる,學好千日不足 學壞一時有余
0,靜にみれば物皆自得す,しずかにみればものみなじとくす,松尾芭蕉の訳
0,蛇や蠍の毒の如,へびやさそりのどくのごとく,毒如蛇蠍
0,猪八戒が人参果を食べる,ちょはっかいがじんせんかをたべる,ものの価値がわからない者にものを与えること。
0,徳有る者、必ず言有り,とくあるもの、かならずげんあり,人徳のあるものは必ず優れた言葉を言う。
0,鹿を逐う者、山を見ず,しかをおうもの、やまをみず,利益に夢中になると道理を見失う。
0,錐の嚢中に処るがごどし,きりののうちゅうにおるがごどし,才知あるものは隠れていてもそれが知られるものだ。
0,人の悪を称するものを悪む,ひとのあくをしょうするものをにくむ,人の汚点を挙げつらう者を憎む
0,善の小なるを以って為さざること勿かれ,ぜんのしょうなるをもってなさざることなかれ,小さい善だからといって、しないことはいけない。
0,我に似せる者は生き、我を象る者は死す。,がににせるものはいき、がをかたどるものはしす,師の教えを守りながらも創造し手を加える者は成長するがただ真似するだけの者は消えていく。
0,豹は死んで皮を留め　人は死んで名を留める,ひょうはしんでかわをとめ、ひとはしんでなをとめる,『新五代史』王彦章伝
0,燕雀は天地の高きを知らず,えんじゃくはてんちのたかきをしらず,『鹽鐵論』復古
0,禍によりて福となす、成敗の転ずること、譬れば糾える縄のごとし,かによりてふくとなす、せいはいのてんずること、たとえればあざなえるなわのごとし,司馬遷『史記』113巻　南越伝
0,それ禍と福、何ぞ糾える縄に異ならん,それわざわいとふく、なんぞあざなえるなわにことならん,『漢書』賈誼伝
0,来る者は拒まず、去る者は追わず,くるものはこばまず、さるものはおわず,斉の公羊高の口述『春秋 公羊傳註疏』隠公巻第二
0,一犬吠形百犬吠聲,いっけんかたちにほゆればひやくけんこえにほゆ,王符『潜夫論』賢難
0,慮らずんば胡ぞ獲ん、為さずんば胡ぞ成らん,おもんぱからずんばなんぞえん、なさずんばなんぞならん,『書経』
0,よいワインに宣伝はいらない,よいわいんにせんでんはいらない,中国の諺：桃李言わざれども下自ずから蹊を成す(桃李不言下自成蹊)。
0,自分自身を助けなさい。そうしたら天が君を助けるだろう。,じぶんじしんをたすけなさい。そうしたらてんがきみをたすけるだろう,Aide-toi et le ciel t'aidera.
0,我々の後に大洪水あれ,われわれのあとにだいこうずいあれ,後は野となれ山となれ。なおle déluge（大洪水）とはノアの洪水のことをさす。
0,雨の後は良い日が来る,あめのあとはよいびがくる,"Après la pluie, le beau temps."
0,よい夕食は必ず空腹によって始まる,よいゆうしょくはかならずくうふくによってはじまる,Bon repas doit commencer par la faim.
0,鍋を見下すのはフライパン,なべをみくだすのはふらいぱん,C'est la poêle qui se moque du chaudron.
0,たとえは何も証明したことにならない,たとえはなにもしょうめいしたことにならない,Comparaison n'est pas raison.
0,鍛冶屋になるのは、鉄を鍛えながらだ,かじやになるのは、てつをきたえながらだ,"習うより慣れろ，ということ。いわゆる""ジェロンディフ""の例文としても有名。"
0,明日はお天気,あしたはおてんき,Demain il fera jour.
0,博打で幸運、恋愛で不運,ばくちでこううん、れんあいでふうん,博打で幸運を使うと、恋愛の運を使い果たすとの意。あるいは博打と恋愛の運は両方は手に入らぬの意。
0,死んだ人間は戦争をしない,しんだにんげんはせんそうをしない,Homme mort ne fait guerre.
0,これを悪しく考える者らは恥じよ,これをあしくかんがえるものらははじよ,イングランドのガーター勲章のモットー
0,アーモンドを食べるためには、殻を割らねばならぬ,あーもんどをたべるためには、からをわらねばならぬ,Il faut casser le noyau pour avoir l'amande.
0,世界を作るにはすべてが必要だ,せかいをつくるにはすべてがひつようだ,Il faut de tout pour faire un monde.
0,汚れた洗濯物は家族で洗わねばならぬ,よごれたせんたくものはかぞくであらわねばならぬ,身内のごたごたは人にみせるなという意。
0,山羊とキャベツの両方に気を配らねばならぬ,やぎときゃべつのりょうほうにきをくばらねばならない,仲裁は両方を満足させなければならないという意味。
0,牡牛を捕まえるには角をつかめ,おうしをつかまえるにはつのをつかめ,Il faut prendre le taureau par les cornes.
0,青春は必ず過ぎる,せいしゅうはかならずすぎる,Il faut que jeunesse se passe.
0,扉は開けてあるか閉まっているかのどちらかだ,とびらはあけてあるかしまっているかのどちらかだ,中途半端は許されないという意味。
0,命令するより前に服従することを学ばねばならぬ,めいれいするよりまえにふくじゅうすることをまなばねばならぬ,Il faut savoir obéir avant que de commander.
0,口が喋る前に七度舌を回らなければならぬ,くちがしゃべるまえにしちどしたをまわらなければならぬ,話す前によく考えろの意
0,泉よ、おまえの水は飲まない、といってはならない,いずみよ、おまえのみずはのまない、といってはならない,なにごとにつけても、けっして……しないとは断言するなとの意。
0,不可能という語はフランス語にはない,ふかのうというごはふらんすごにはない,フランス人はなにかが不可能だとは考えない
0,蛙の唾は白鳩には届かぬ,かえるのつばはしろはとにはとどかぬ,悪口雑言をいわれたことで、いわれた人の価値が下がるわけではない。
0,ニシン樽はいつでもニシン臭い,にしんだるはいつでもにしんくさい,内面にあるものが外面に表れるの意。
0,好奇心は邪悪な欠点,こうきしんはじゃあくなけってん,La curiosité est un vilain défaut.
0,飢えは狼を森から追い出す,うえはおおかみをもりからおいだす,La faim chasse le loup hors du bois.
0,祭りは終わった、さよなら聖人様,まつりはおわった、さよならせいじんさま,"La fête passée, adieu le saint."
0,目的は手段を正当化する,もくてきはしゅだんをせいとうかする,La fin justifie les moyens.
0,夜は助言を運ぶ,よるはじょげんをはこぶ,「一晩寝て、よく考えなさい」または「それは放っておきなさい」という場面でいう。
0,食べるほど食欲がでる,たべるほどしょくよくがでる,欲望はきりがない，ということ。
0,便りがないのは，よい便り,たよりがないのは、よいたより,"Pas de nouvelles, bonnes nouvelles."
0,最後に笑う者が、最もよく笑う,さいごにわらうものが、もっともよくわらう,本当の勝者は最後の勝者だということ。
0,この親にしてこの子，この主人にしてこの従者,このおやにしてこのこ、このしゅじんにしてこのじゅうしゃ,"Tel père, tel fils.
Tel maître, tel valet."
0,一羽の燕が春をもたらすのではない,いちわのつばめがはるをもたらすのではない,何かを本当だと証明するには、多くの証拠が必要だ。
0,一スーは一スー,いちすーはいちすー,どんな小銭でも金には違いない。
0,行ける所まで行き、然るべき場所で死ね,いけるところまでいき、しかるべきばしょでしね,"Va où tu peux, meurs où tu dois."
0,薬も量をこえれば毒になる,くすりもりょうをこえればどくになる,Bez miary lekarstwo stanie za truciznę.
0,金がなければ死ぬことさえ難しい,かねがなければしぬことさえむずかしい,Bez pieniędzy umrzeć nawet trudno.
0,働かなければコワチュもない,はたらかなければこわちゅもない,苦労することなしに成果を得ることはできない
0,貧困が貧困を産む,ひんこんがひんこんをうむ,Bieda biedę rodzi.
0,神と金に同時に仕えることはできない,かみとかねにどうじにつかえることはできない,Bogu i mamonie służyć razem nie można.
0,他人のナイフで切ったパンは美味しくない,たにんのないふできったぱんはおいしくない,Chleb cudzym nożem krajany - niesmaczny.
0,それぞれの国には、それぞれの習慣がある,それぞれのくにには、それぞれのしゅうかんがある,"Co kraj, to obyczaj."
0,始まりのあるものには、必ず終わりがある,はじまりのあるものには、かならずおわりがある,"Co początek ma, koniec mieć musi."
0,他人の仕事は割に合わない,たにんのしごとはわりにあわない,Cudza praca nie opłaca.
0,時間は水のように流れる,じかんはみずのようにながれる,Czas płynie jak woda.
0,時間は金,じかんはかね,Czas to pieniądz.
0,良いワインは頭に回らない,よいわいんはあたまにまわらない,Czyste wino w głowę nie idzie.
0,望む者には難しいことなど何もない,のぞむものにはむずかしいことなどなにもない,Dla chcącego nic trudnego.
0,耳が2つ、舌が1つ与えられているのは、少なくしゃべり、多く聞くためである,みみがふたつ、したがひとつあたえられているのは、すくなくしゃべり、おおくきくためである,"Dlatego dwie uszy, jeden język dano, iżby mniej mówiono, a więcej słuchano."
0,クリミアを通ってローマへ行く,くりみあをとおってろーまへいく,Do Rzymu przez Krym.
0,4個欲しいときは、10個頼め,よんこほしいときは、じゅっこたのめ,"Gdy cztery chcesz otrzymać, proś o dziesięć."
0,人が急ぐと、悪魔が喜ぶ,ひとがいそぐと、あくまがよろこぶ,"dy się człowiek spieszy, to się diabeł cieszy."
0,ポーランド人が2人いれば、グループが3つできる,ぽーらんどじんがふたりいれば、ぐるーぷがみっつできる,"Gdzie dwóch Polaków, tam trzy partie."
0,蜂蜜があるところには蜂がいるし、美しい娘がいるところには男達がいる,はちみつがあるところにははちがいるし、うつくしいむすめがいるところにはおとこたちがいる,"Gdzie jest miód, będą pszczoły, gdzie jest piękna dziewczyna, tam będą i chłopcy."
0,コックが6人いれば、料理はできない,こっくがろくにんいれば、りょうりはできない,"Gdzie kucharek sześć, tam nie ma co jeść."
0,民の声は神の声,たみのこえはかみのこえ,"ポーランド語：Głos ludu głosem Boga.
英語：The voice of the people, the voice of God. 
ラテン語：Vox populi vox dei."
0,空腹は最高のコックである,くうふくはさいこうのこっくである,"Głód jest najlepszym kucharzem.
ロシア語：Голод - лучший повар."
0,バカはいつでも幸せ,ばかはいつでもしあわせ,Głupi ma zawsze szczęście.
0,客と魚は3日経てば臭くなる,きゃくとさかなはみっかたてばくさくなる,Gość i ryba trzeciego dnia cuchnie.
0,客が家に来たら、神も来る,きゃくがいえにきたら、かみもくる,Gość w domu - Bóg w domu.
0,客が家に来たら、女房が妊娠する,きゃくがいえにきたら、にょうぼうがにんしんする,"Gość w domu, baba w ciąży."
0,グロシュも貯めれば100万になる,ぐろしゅもためればひゃくまんになる,グロシュはポーランドの通貨ズウォティの補助単位。100分の1ズウォティ
0,礼節、勇気、容姿。これらを同時に備えていることはまずない,れいせつ、ゆうき、ようし。これらをどうじにそなえることはまずない,"Grzeczność, męstwo, uroda, rzadko wespół chodzi."
0,水源に近ければ近いほど、水は澄んでいる,すいげんにちかければちかいほど、みずはすんでいる,"Im bliżej źródła, tym woda jaśniejsza."
0,一番おしゃべりしない女が一番良い,いちばんおしゃべりしないおんながいちばんよい,"Kobiety te są najlepsze, o których najmniej mówią."
0,愛することとは泣くことであり、結婚とは墓場である,あいすることとはなくことであり、けっこんとははかばである,"Kochanie - płakanie, a ślub - grób."
0,剣を持って戦う者は、剣で死ぬ,けんをもってたたかうものは、けんでしぬ,"Kto mieczem wojuje, ten od miecza ginie."
0,朝早く起きる人には、神が施しを与える,あさはやくおきるひとには、かみがほどこしをあたえる,"Kto rano wstaje, temu Pan Bóg daje."
0,頭の中が薄いよりは、頭の上が薄い方がいい,あたまのなかがうすいよりは、あたまのうえがうすいほうがいい,頭の上が薄い = はげている
0,行動するよりも、言う方が簡単である,こうどうするよりも、いうほうがかんたんである,"
言うは易く行うは難し "
0,涙は女の武器,なみだはおんなのぶき,Łzy - broń kobieca.
0,愛のない夫婦とは、砂糖の入ってないコーヒーである,あいのないふうふとは、さとうのはいってないこーひーである,Małżeństwo bez miłości to kawa czarna bez cukru.
0,損したあとの賢いポーランド人,そんしたあとのかしこいぽーらんどじん,Mądry Polak po szkodzie.
0,最高のパン焼き職人でも、たまにはパンがうまく焼けないこともある,さいこうのぱんやきしょくにんでも、たまにはぱんがうまくやけないこともある,Najlepszemu piekarzowi chleb czasem się nie uda.
0,髪が白ければ必ず賢いとは限らない,かみがしろければかならずかしこいとはかぎらない,Nie każda głowa siwa mądra bywa.
0,袋に入った猫を買うな,ふくろにはいったねこをかうな,Nie kupuj kota w worku.
0,火なくして煙なし,ひなくしてけむりなし,Nie ma dymu bez ognia.
0,光り輝くものすべてが金であるとは限らない,ひかりかがやくものすべてがきんであるとはかぎらない,"Nie wszystko złoto, co się świeci."
0,やかましく吠える犬は噛まない,やかましくほえるいぬはかまない,"Pies, który głośno szczeka, nie ugryzie."
0,真の友人は貧しいときに見つかる,しんのゆうじんはまずしいときにみつかる,Prawdziwego przyjaciela poznaje się w biedzie.
0,古い靴が一番はき心地が良い,ふるいくつがいちばんはきごこちがいい,Stare buty najwygodniejsze.
0,靴屋がはだしで歩く,くつやがはだしであるく,Szewc bez butów chodzi.
0,壁には耳がある,かべにはみみがある,ciany mają uszy.
0,どの場所も良いが、家にいるのが一番いい,どのばしょもいいが、いえにいるのがいちばんいい,"Wszędzie dobrze, ale w domu najlepiej."
0,アダムはエバに責任をおしつけ、エバは蛇に責任をなすりつける,あだむはえばにせきにんをおしつけ、えばはへびにせきにんをなすりつける,"Adam schiebt die Schuld auf Eva, und Eva auf die Schlange."
0,すべての始まりは難しい,すべてのはじまりはむずかしい,何事も始めは難しい
0,全てに終りは一つだがソーセージには終りが二つある,すべてにおわりはひとつだがそーせーじにはおわりがふたつある,"Alles hat ein Ende, nur die Wurst hat zwei."
0,年齢は愚かさから守られない,ねんれいはおろかさからまもれない,年を取った馬鹿より馬鹿なものはない
0,他の国々、他の慣習,ほかのくにぐに、ほかのしゅうかん,"Andere Länder, andere Sitten."
0,すべての雨の後には、日差しもまた続く,すべてのあめのあとには、ひざしもまたつづく,Auf jeden Regen folgt auch Sonnenschein.
0,まったくないよりは遅れてくるほうがまし,まったくないよりはおくれてくるほうがまし,Besser spät als nie
0,手の中の雀は、屋根の鳩よりもよい,てのなかのすずめは、やねのはとよりもよい,遠くにあるよいものより、近くにある劣ったもののほうがよい
0,雨の中から出て、雨どいの中にくる,あめのなかからでて、あまどいのなかにくる,"一難去って、また一難。
（小難から逃れて大難に遭う）"
0,リンゴは木から遠くへは落ちない,りんごのきからとおくへはおちない,Der Apfel fällt nicht weit vom Stamm.
0,食べていると食欲が沸く,たべているとしょくよくがわく,手に入れると、もっと欲しくなる。
0,時間は最良の説教者である,じかんはさいりょうのせっきょうしゃである,Der beste Prediger ist die Zeit.
0,ドイツ語、難しい言語,どいつご、むずかしいげんご,"1. ドイツ語を習うのは難しい。
2. （ドイツ語を話している人に向かって）いま文法で間違いましたよ。"
0,もっとも馬鹿な農夫たちが一番肥えたジャガイモを収穫する,もっともばかなのうふたちがいちばんこえたじゃがいもをしゅうかくする,Die dümmsten Bauern ernten die dicksten Kartoffeln.
0,行動は言葉より強力に働く,こうどうはことばよりきょうりょくにはたらく,Die Tat wirkt mächtiger als das Wort.
0,時間は最良の医者である,じかんはさいりょうのいしゃである,Die Zeit ist der beste Arzt.
0,88は等しい,はちじゅうはちはひとしい,"""Egal ist 88""*"
0,飲み食いが最初、それから道徳が来る,のみくいがさいしょ、それからどうとくがくる,"Erst kommt das Fressen, dann kommt die Moral."
0,一度はゼロ度,いちどはぜろど,一度（の過ち）は数に入らない
0,災難はめったにひとつでは来ない,さいなんはめったにひとつではこない,Ein Unglück kommt selten allein.
0,やけどした子供は火を避ける,やけどしたこどもはひをさける,痛い目にあった者は慎重になるということ
0,等しいものと等しいものは共にいることを好む,ひとしいものとひとしいものはともにいることをこのむ,Gleich und gleich gesellt sich gern.
0,今日は最良の時だ,きょうはさいりょうのときだ,Heute ist die beste Zeit.
0,傲慢は転落の前に来る,ごうまんはてんらくのまえにくる,傲慢なものは転落しやすい
0,よく料理されたものを食べろ、澄んだものを飲め、本当の事を話せ,よくりょうりされたものをたべろ、すんだものをのめ、ほんとうのことをはなせ,よく料理されたものを食べ、澄んだものを飲むように、本当の事を話せ
0,苦難の時には、悪魔は蝿を食べる,くなんのときには、あくまははえをたべる,貧すれば鈍す
0,ズボンのような上着,ずぼんのようなうわぎ,Jacke wie Hose.
0,まだ産まれていない卵を気にかけるな,まだうまれていないたまごをきにかけるな,Kümmere dich nicht um ungelegte Eier.
0,時がくれば、助言が来る,ときがくれば、じょげんがくる,時間がたつと分かる事がある
0,ある物への欲望と愛は、すべての骨折りと仕事を少ないものにする,あるものへのよくぼうとあいは、すべてのほねおりとしごとをすくないものにする,Lust und Liebe zu einem Ding macht alle Mühe und Arbeit gering.
0,勤勉なしに、賞はない,きんべんなしに、しょうはない,努力なしに成功はない
0,紙は辛抱強い,かみはしんぼうづよい,紙は何を書かれても辛抱する → 印刷されたり、書かれたからといって本当だとは限らない。
0,夢は泡,ゆめはあわ,Träume sind Schäume.
0,よいことを行え、それについて語れ,よいことをおこなえ、それについてかたれ,"Tue Gutes und rede davon!
Tue Gutes und rede darüber!"
0,盲人の間では、一つ目の男が王になる,もうじんのあいだでは、ひとつめのおとこがおうになる,Unter Blinden ist der Einäugige König.
0,信頼はよし、検査はなおよし,しんらいはよし、けんさはなおよし,"Vertrauen ist gut, aber Kontrolle ist besser"
0,コックが多いとかゆを駄目にする,こっくがおおいとかゆをだめにする,Viele Köche verderben den Brei.
0,敵が多ければ、誉れも多い,てきがおおければ、ほまれをもおおい,"ドイツの傭兵隊長、ゲオルク・フォン・フルーンズベルク (Georg von Frundsberg, 1473-1528) の言葉とされる。"
0,四つの眼は二つの眼より多くを見る,よっつのめはふたつのめよりおおくをみる,Vier Augen sehen mehr als zwei.
0,ないものも、あるようにできる,ないものも、あるようにできる,いまないということは、出来ないということではない。
0,自分で招いた不始末は、また自分でぬぐいさらねばならない,じぶんでまねいたふしまつは、またじぶんでぬぐいさらねばならない,"Was man sich eingebrockt hat, das muss man auch auslöffeln."
0,小さなハンスが覚えなかった事を、大人のハンスは決して覚えない,ちいさなはんすがおぼえなかったことを、おとなのはんすはけっしておぼえない,"Was Hänschen nicht lernt, lernt Hans nimmermehr."
0,時間ができるまで待ってはいけない,じかんができるまでまってはいけない,Warte nie bis du Zeit hast!
0,騎手が役に立たなければ、馬の責任,きしゅがやくにたたなければ、うまのせきにん,責任転嫁
0,A と言う者は、Bともいわなければいけない,えーというものは、びーともいわなければいけない,はじめた事は最後までやれなければならない
0,賭けをしないものは、何も手に入れない,かけをしないものは、なにもてにいれない,"Wer nicht wagt, der nicht gewinnt."
0,他人の墓を掘るものは、自らそこに陥る,たにんのはかをほるものは、みずからそこにおちいる,"Wer anderen eine Grube gräbt, fällt selbst hinein."
0,その人のパンを私は食べ、その人の歌を私は歌う,そのひとのぱんをわたしはたべ、そのひとのうたをわたしはうたう,世話になった人のことは、ほめるものだ
0,選択を行うものは、苦痛を味わう,せんたくをおこなうものは、くつうをあじわう,選択の自由には、苦労がついてまわる
0,ビールの後にワイン、これはお勧めだ。ワインのあとにビール、これはやめとけ,びーるのあとにわいん、これはおすすめだ。わいんのあとにびーる、これはやめとけ,同じようなものでも、うまくいくものとそうでないものがある。
0,二人が争えば第三者が喜ぶ,ふたりがあらそえばだいさんしゃがよろこぶ,"Wenn zwei sich streiten, freut sich der Dritte"
0,3コペイカ盗んだ奴は縛り首、50コペイカだと尊敬の的,さんこぺいかぬすんだやつはしばりくび、ごじゅうこぺいかだとそんけいのまと,"Алтынного вора вешают, а полтинного чествуют."
0,一円を笑う者は一円に泣く,いちえんをわらうものはいちえんになく,"
月日に関守なし "
0,貧者が結婚すると夜が短くなる,ひんじゃがけっこんするとよるがみじかくなる,幸せな結婚にはお金が不可欠
0,貧困は恥ずべきことならず,ひんこんははずべきことならず,Бедность - не порок.
0,猫がいなければネズミの好き放題,ねこがいなければねずみのすきほうだい,監督者がいないと好き勝手なことができる。
0,苦労しなくては池から魚を釣りあげられない,くろうしなくてはいけからさかなをつりあげられない,楽して得られるものはない。
0,神は注意深い者を大切にする,かみはちゅういぶかいものをたいせつにする,天は自ら助くる者を助く。
0,紙は何にでも耐えられる,かみはなんにでもたえられる,"書物や新聞記事を鵜呑みにするな。
紙にはどんなことだって書けるのだから、活字になっているからといって内容が正しいとは限らない。"
0,首吊り自殺した人の家ではロープの話をするな,くびつりじさつしたひとのいえではろーぷのはなしをするな,相手が触れてほしくないことをわざわざ話題にするな。
0,足中に真なし,あしなかにまことなし,"立っていないで座ったらどうですか。
人に座ることをすすめるさいのおどけた言い回し。"
0,同じ羽根の鳥は生まれない,おなじはねのとりはうまれない,人はそれぞれ違う性質を持っている。
0,生きている限り学べ,いきているかぎりまなべ,"Век живи, век учись."
0,隼は飛び方を見ればわかる,はやぶさはとびかたをみればわかる,どういう人かは、その人物の行動でわかる。
0,脚が狼を養う,あしがおおかみをやしなう,狼は自分の脚で歩いて餌を探さなければならない。自分から動かなければ、良いものは得られない。
0,髪は長く、知恵は短い,かみはながく、ちえはみじかい,女性を侮辱するときの表現。
0,おばあさん、ユーリの日だよ,おばあさん、ゆーりのひだよ,なんてこったい。期待してたのにがっかりだ。
0,全ての者は神の下で歩き回っている,すべてのものはかみのしたであるきまわっている,どんなことでも起こりうる。誰に何があっても不思議ではない。
0,どの野菜にも旬はある,どのやさいにもしゅんはある,なにごともしかるべき時というものがある。
0,自分の頭より高くは跳べない,じぶんのあたまよりたかくはとべない,誰にでも限界はある。
0,おでこより高いところに耳は生えてこない,おでこよりたかいところにみみははえてこない,誰にでも限界はある。
0,飢えは叔母さんではないからピロシキをくれたりしない,うえはおばさんではないからぴろしきをくれたりしない,困ったときは自分で何とかしろ。
0,悲しみは海ではないから、すっかり飲み干してしまえる,かなしみはうみではないから、すっかりのみほしてしまえる,「ゴーリェ」（悲しみ）と「モーリェ」（海）で韻を踏んでいる。
0,目から遠くなると、心に近くなる,めからとおくなると、こころにちかくなる,別れてしまった相手はいっそう慕わしく感じる。
0,贈られた馬の歯は調べないものだ,おくられたうまのははしれべないものだ,人からの贈り物にケチをつけるな。
0,二頭の熊は同じ巣穴では暮らせない,にとうのくまはおなじすあなではくらせない,実力のあるものが二者いるとき、争いは避けられない。
0,二度の死はありえないが、一度は避けられぬ,にどのしはありえないが、いちどはさけられぬ,危険を恐れず思い切って行動に移せ。
0,いい言葉を聞けば猫だってご機嫌になる,いいことばをきけばねこだってごきげんになる,人はお世辞に弱いものだ。
0,家では壁まで助けてくれる,いえではかべまでたすけてくれる,我が家ほど良い場所はない
0,お昼ごはんには匙が大切,おひるごはんにはさじがたいせつ,どんなことにも、それにふさわしい時というものがある。
0,バカにものを教えるのは、死んだ人間を治療するようなものだ,ばかにものをおしえるのは、しんだにんげんをちりょうするようなものだ,"バカにつける薬はない。
バカは死ななきゃ治らない。"
0,バカは規則無用,ばかはきそくむよう,バカには何を言っても無駄。
0,自分の顔が歪んでいるなら鏡に腹を立てるな,じぶんのかおがゆがんでいるならかがみにはらをたてるな,本当のことを指摘されたとき、指摘した相手に腹を立てるのは見当違いだ。事実がそうなんだから仕方ない。
0,キノコのピローグを食べても舌は歯の後ろにしまっておけ,きのこのぴろーぐをたべてもしたははのうしろにしまっておけ,親切にしてもらったからといって、いらないことを口に出すな。
0,人生を生き抜くということは、平地を横切るのとわけが違う,じんせいをいきぬくということは、へいちをよこぎるのとわけがちがう,Жизнь прожить - не поле перейти.
0,尋ねたくらいで鼻はぶたれない,たずねたくらいではなはぶたれない,"困ったら人に頼れ。分からないことは聞け。
「スプロース」（問いかけ）と「ノース」（鼻）の押韻。"
0,バカに祈祷をやらせると、自分で頭に怪我をする,ばかにきとうをやらせると、じぶんであたまにけがをする,"本質がわかっていない人間に形式だけ守らせてもろくなことはない。
バカに無理やりお祈りをさせても、祈るというのは頭を上下させることだとしか理解できず、自分で勝手に頭をぶつける。"
0,猫は自分が誰の肉を食べたのか知っている,ねこはじぶんがだれのにくをたべたのかしっている,悪い行いをしたものは、誰に対して悪をなしたのかちゃんとわきまえている
0,金曜日の下から土曜日がはみ出てる,きんようびのしたからどようびがはみでてる,下着が上着の裾からはみ出している様子をからかう言い回し。
0,狼はどんなに飼い馴らしても森ばかり見る,おおかみはどんなにかいならしてももりばかりみる,性格や本性というものはそう簡単に変わらない。
0,猫にはオモチャ、ネズミには涙,ねこにはおもちゃ、ねずみにはなみだ,強者だけが楽しんでいても、弱者たちにとっては苦痛でしかない。
0,甘い嘘より苦い真実のほうが良い,あまいうそよりにがいしんじつのほうがよい,"Лучше горькая правда, чем сладкая ложь."
0,神様お願いしますより神様のおかげですがいい,かみさまおねがいしますよりかみさまのおかげですがいい,不確実なものより確実なものをよしとせよ
0,橇で遊ぶのが好きなら、橇を運ぶことも好きになれ,そりであそぶのがすきなら、そりをはこぶこともすきになれ,Любишь кататься — люби и саночки возить.
0,詮索好きなワルワーラは市場で鼻をもぎ取られた,せんさくずきなわるわーらはいちばではなをもぎとられた,他人のことをあれこれ知ろうとするな。
0,熊の親切,くまのしんせつ,余計なお世話。
0,エメリヤ、好きなだけ喋れ。お前の週だ,えめりや、すきなだけしゃべれ。おまえのしゅうだ,勝手に言ってろ、俺には関係ない。
0,鐘の音はたくさんだが、撞いた数は少ない,かねのおとはたくさんだが、ついたかずはすくない,大騒ぎのわりに原因は大したことがなかった
0,仲良しが口げんか、ただ楽しんでるだけ,なかよしがくちげんか、ただたのしんでるだけ,仲がいいものどうしはけんかも楽しみのうち
0,モスクワは涙を信じない,もすくわはなみだをしんじない,"泣いても現実は変わらない。
泣き言で同情を買おうとしても無駄だ。"
0,哀れなマカールに松ぼっくりがみんな落ちてくる,あわれなまかーるにまつぼっくりがみんなおちてくる,ひどい事が重なるさま
0,キノコだと名乗った以上は編み籠に入れ,きのこだとなのったいじょうはあみかごにはいれ,やりかけたことは最後まで責任を持ってちゃんとやれ。
0,暇になったおかみさんが子豚を買ってきた,ひまになったおかみさんがこぶたをかってきた,わざわざ自分から面倒を背負いこんだ。
0,ネコはいつもマースレニッツァなわけではない,ねこはいつもまーすれにっつぁなわけではない,人生、楽なことばかりではない。
0,井戸につばを吐くな。いつかは飲む時が来る,いどにつばをはくな。いつかはのむときがくる,わざわざ敵を増やすようなことはするな。
0,戦いに行くときに自慢をするな,たたかいにいくときにじまんをするな,何かを誇るならその結果が出てからにしろ
0,招いていないのに来る客はタタール人よりひどい,まねいていないのにくるきゃくはたたーるじんよりひどい,いきなり来る客ほど迷惑なものはない。
0,新しい箒はきれいに掃く,あたらいいほうきはきれいにはく,新たに着任した上官はこまごまとうるさい。
0,夜はどの猫も灰色に見える,よるはどのねこもはいいろにみえる,周囲と見分けがつかないものの譬え
0,必要は法など知らぬ,ひつようはほうなどしらぬ,どうしてもしなくてはならないことがあると、法律など省みられなくなる。
0,好奇心のせいで猫がくたばった,こうきしんのせいでねこがくたばった,他人のことをあれこれ詮索するな。
0,初めて焼いたブリンは塊になる,はじめてやいたぶりんはかたまりになる,どんなことでも最初の一回は失敗する
0,塵も積もれば山となり、滴もたまれば海になる,ちりもつもればやまとなり、しずくもたまればうみになる,"По зернышку ворох, по капельку море."
0,試みは拷問ではない,こころみはごうもんではない,臆さず試すように勧める時の言い回し。
0,急ぐ者は笑い者になる,いそぐものはわらいものになる,急がば回れを参照
0,真実は目に痛い,じんじつはめにいたい,現実を直視するのはつらいことだ。
0,無為はあらゆる不道徳の母,むいはあらゆるふどうとくのはは,人は暇になるとろくなことをしない。
0,魚は頭から腐る,さかなはあたまからくさる,組織は上層部からだめになっていく。
0,オオカミと暮らすならオオカミのように吠えろ,おおかみとくらすならおおかみのようにほえろ,その土地の習慣にしたがって暮らせ。
0,ミールごとに糸を持ち寄れば、裸の人にシャツを作ってあげられる,みーるごとにいとをもちよれば、はだかのひとにしゃつをつくってあげられる,少しずつでも一人一人が助けあえば困った人を救える。
0,自分の荷物は重くない,じぶんのにもつはおもくない,好きでやっていることや自分のためになることは苦にならない。
0,自分のシャツが身体に一番近い,じぶんのしゃつがからだにいちばんちかい,"自分が一番かわいい。
人はまず自分のことを第一に考えるものだ。"
0,心が心に知らせを伝える,こころがこころにしらせをつたえる,親しい者は心が通じ合うものだ。
0,どんなに頑張ったところでアヒルは白鳥になれない,どんなにがんばったところであひるははくちょうになれない,氏素性は変えられない
0,犬は犬死にするものだ,いぬはいぬじにするものだ,ざまあみろ。お前にはそのような悪い結果がふさわしい。
0,屑が埃を笑う,くずがほこりをわらう,Сор над пылью смеется.
0,泣くまで議論しろ、だが賭けはするな,なくまでぎろんしろ、だがかけはするな,"Спорь до слез, а об заклад не бейся."
0,老齢は喜びならず,ろうれいはよろこびならず,歳はとりたくないもの。
0,一人の旧い友は二人の新しい友よりよい,ひとりのふるいともはふたりのあたらしいともよりよい,"Старый друг лучше новых двух.
発音：「スタールゥイ・ドゥルーク・ルーチシェ・ノーヴィフ・ドゥヴーフ」"
0,恐怖は何度もあるが、死は一度だけだ,きょうふはなんどもあるが、しはいちどだけだ,"ままよ。
非常に危険なことに思い切って手を出すとき、覚悟を決めてこう言う。"
0,乾いている匙は口に不快,かわいているさじはくちにふかい,喜ばれるものをプレゼントしないと相手には良く思われない。
0,われわれのいないあの場所はすばらしい,われわれのいないあのばしょはすばらしい,他人のものは良く見える
0,より静かに進めば、より遠くまで行ける,よりしずかにすすめば、よりとおくまでいける,急ぐ必要があるときこそ落ち着いて行動しろ。
0,痛いところがある人は、そのことを口に出すものだ,いたいところがあるひとは、そのことをくちにだすものだ,気にしていることは口をついて出てしまう。
0,賢い嘘は愚かな真実に勝る,かしこいうそはおろかなしんじつにまさる,Умная ложь лучше глупой правды.
0,乳母が7人いると子供に目が行かなくなる,うばがしちにんいるとこどもにめがいかなくなる,責任者が多いと互いが互いを頼って却って無責任になる。
0,知恵は素晴らしいが二つだとなおよい,ちえはすばらしいがふたつだとなおよい,難しいことを一人で考えるな。
0,朝は夕方より賢い,あさはゆうがたよりかしこい,寝る前にあれこれ考えるな。
0,フェドートだけど本人じゃない,ふぇどーとだけどほんにんじゃない,他の人と勘違いしていることをからかう言い回し。
0,パンと塩を食べても真実を言え,ぱんとしおをたべてもしんじつをいえ,恩のある人に対してでも、言うべきことは言え。
0,すてきなマーシャ、でも他人,すてきなまーしゃ、でもたにん,"他の人と勘違いしている。
それは本物じゃない。"
0,善き争いより悪しき平和,よきあらそいよりあしきへいわ,Худой мир лучше доброй ссоры.
0,ヒヨコは秋に数えるものだ,ひよこはあきにかぞえるものだ,利益を得ていないうちからその先のことを考えるな。
0,人間は誤るもの,にんげんはあやまるもの,Человеку свойственно ошибаться.
0,過去のことは過ぎたこと、一面に草ぼうぼう,かこのことはすぎたこと、いちめんにくさぼうぼう,それはもう大昔のことだ。今となっては昔のことになってしまった。
0,荷馬車から落ちたものは、失われてしまったもの,にばしゃからおちたものは、うしなわれてしまったもの,してしまったことは取りかえしがつかない。
0,しらふの頭の中にあるものは、酔っぱらいの舌の上にある,しらふのあたまのなかにあるものは、よっぱらいのしたのうえにある,酔うと余計なことまでしゃべってしまう。
0,錐は袋に隠せない,きりはふくろにかくせない,隠し事はいつか表沙汰になる。
0,錐で海を温めようとするな,きりでうみをあたためようとするな,方法がトンチンカンだと成果はゼロ。
0,シチーとカーシャはわれらの糧,しちーとかーしゃはわれらのかて,シチーはロシアのスープ料理で、シチューとは別物。カーシャは粥。どちらもロシアの標準的な家庭料理で、日本における「ごはんと味噌汁」に該当する。ロシアの食文化においてシチーとカーシャがいかに重要であるかを表すことわざ。「シチーとカーシャはわれらの母」Щи да каша — мать наша. とも。
0,もう昔の話だし、でたらめだ,もうむかしのはなしだし、でたらめだ,都合の悪い過去を指摘されたときにおどけて使う表現。
0,リンゴの実はリンゴの木の近くに落ちる,りんごのみはりんごのきのちかくにおちる,"親より優れた子供は生まれない。
あの親にしてあの子あり。"
0,舌がキエフに連れて行く,したがきえふにつれていく,分からないことは人に聞け。
0,私の舌は私の敵,わたしのしたはわたしのてき,"Язык мой — враг мой.
発音すると「イズゥィーク・モイ　ヴラーク・モイ」と韻を踏む。"
0,卵には鶏を教えられない,たまごにはにわとりをおしえられない,"自分より優れた人間に説教をするな。
若輩者は年長者に意見できない。"


0,天は苦心の人に負かず,てんはくしんのひとにそむかず,天は努力を続けている人を見捨てたりはしない
0,十回伐って倒れない木はない,じゅっかいきってたおれないきはない,韓国のことわざ


0,決定の時が来たら、準備の時は過ぎ去っている,けっていのときがきたら、じゅんびのときはすぎさっている,"When the time for decision arrives, 　　　　　　　　　　　　
the time for preparation is past."
0,欲の熊鷹股裂くる,よくのくまたかまたさくる,欲が深いと、自分に災いがあるということ。
0,釈迦に経,しゃかにきょう,釈迦に説法を参照
0,釈迦に説法、孔子に悟道,しゃかにせっぽうこうしにごどう,釈迦に説法を参照
0,口は災いの元,くちはわざわいのもと,口は禍の門を参照
0,隣の芝生は青い,となりのしばふはあおい,隣の花は赤いを参照
0,衣食足りて栄辱を知る,いしょくたりてえいじょくをしる,衣食足りて礼節を知るを参照
0,港口で船を破る,みなとぐちでふねをわる,磯際で船を破るを参照
0,祖母育ちは銭が安い,ばばそだちはぜにがやすい,祖母育ちは三百安いを参照
0,鯊は飛んでも一代鰻はのめっても一代,はぜはとんでもいちだいうなぎはのめってもいちだい,鱧も一期海老も一期を参照
0,普天率土,ふてんそっと,普天の下率土の浜を参照
0,礼は未然の前に禁じ法は已然の後に施す,れいはみぜんのさきにきんじほうはいぜんののちにほどこす,礼は事が起こることを未然に防ぎ、法は事が起こってから施行されるものだということ。
0,意志が重荷の半分を引っ張る,いしがおもにのはんぶんをひっぱる,Viljinn dregur hálft hlass.
0,砂糖があれば蟻がいる,さとうがあればありがいる,Ada gula ada semut.
0,石の下に小海老が隠れる,いしのしたにこえびがかくれる,Ada udang di balik batu.
0,ミルクに毒で返す,みるくにどくでかえす,Air susu dibalas dengan air tuba.
0,火がある所から煙が出る,ひがあるところからけむりがでる,Asap datang dari asalnya api.
0,雛鳥が親鳥から逸れること,ひなどりがおやどりからそれること,Bagai anak ayam kehilangan induknya.
0,犬が猫と一緒にいるような,いぬがねこといっしょにいるような,Bagai anjing dan kucing.
0,椰子の実の柄の中にいる蛙のような,やしのみのえのなかにいるかえるのような,Bagai katak dalam tempurung.
0,落ちたドリアンが得るような,おちたどりあんがえるような,Bagai mendapat durian runtuh.
0,檳榔子を二つに割ったような,びんろうじをふたつにわったような,Bagai pinang dibelah dua.
0,瘤が月を憧れるような,こぶがつきをあこがれるような,Bagai punuk merindukan bulan.
0,角の先にある卵のような,つののさきにあるたまごのような,Bagai telur di ujung tanduk.
0,一緒だと強くなるが、ばらばらだと弱くなる,いっしょだとつよくなるが、ばらばらだとよわくなる,"Bersatu kita teguh, bercerai kita runtuh."
0,柱より土台が大きい,はしらよりどだいがおおきい,Besar pasak daripada tiang.
0,犬が吠えても、隊商は進む,いぬがほえても、たいしょうはすすむ,"the dogs bark, but the caravan goes on"
0,近くに見るけれど心は遠くにある,ちかくにみるけれどこころはとおくにある,Dekat di mata jauh di hati.
0,虎は死んで縞を残し、象は死んで牙を残す,とらはしんでしまをのこし、ぞうはしんできばをのこす,"Harimau mati meninggalkan belang, gajah mati meninggalkan gading."
0,甘味がなくなったら捨ててしまう,かんみがなくなったらすててしまう,Habis manis sepah dibuang.
0,山を抱きたいが手が届かぬ,やまをだきたいがてがとどかぬ,Maksud hati memeluk gunung apa daya tangan tak sampai.
0,道の聞くのを恥ずかしがると道に迷う,みちをきくのをはずかしがるとみちにまよう,Malu bertanya sesat di jalan.
0,御飯は御粥になってしまった,ごはんはおかゆになってしまった,Nasi sudah menjadi bubur.
0,一滴のインディゴ染料を一鍋のミルクに落とせば飲めなくなってしまう,いってきのいんでぃごせんりょうをひとなべのみるくにおとせばのめなくなってしまう,Nila setitik rusak susu sebelanga.
0,軽ければ一緒に手に提げ、重ければ一緒に肩に担ぐ,かるければいっしょにてをさげ、おもければいっしょにかたにかつぐ,"Ringan sama dijinjing, berat sama dipikul."
0,お隣の芝生は自分の芝生より緑,おとなりのしばふはじぶんのしばふよりみどり,Rumput tetangga lebih hijau.
0,水に潜りながら水を飲む,みずにもぐりながらみずをのむ,Sambil menyelam minum air.
0,一打で蠅二匹を殺す,いちだではえにひきをころす,Satu tepuk dua lalat.
0,雨が降る前に傘を用意すれば良い,あめがふるまえにかさをよういすればよい,Sedia payung sebelum hujan.
0,一漕ぎで二、三の島を通る,ひとこぎでに、さんのしまをとおる,Sekali dayung dua tiga pulau terlampaui.
0,栗鼠がどんなに跳ぶのが上手くてもいつか必ず落ちる,りすがどんなにとぶのがうまくてもいつかかならずおちる,Sepandai-pandainya tupai melompat pasti jatuh juga.
0,ロープ一本に三個のお金がある,ろーぷいっぽんにさんこのおかねがある,Setali tiga uang.
0,落ちた後に梯子でも頭を打つ,おちたあとにはしごでもあたまをうつ,Sudah jatuh tertimpa tangga.
0,根が無いのならロタンが換わる,ねがないのならろたんがかわる,Tak ada akar rotan pun jadi.
0,罅のない象牙はない,ひびのないぞうげはない,Tak ada gading yang tak retak.
0,空のドラム缶は良い音を出す,からのどらむかんはよいおとをだす,Tong kosong nyaring bunyinya.

0,言語のない国は心のない国,げんごのないくにはこころのないくに,"Cenedl heb iaith, cenedl heb galon."
0,水は牛のように飲め、ワインは王のように飲め,みずはうしのようにのめ、わいんはおうのようにのめ,Drink water like an ox and wine like a king.
0,歩ける前に這わなくてはいけない,あるけるまえにはわなくてはいけない,Rhaid cropian cyn cerdded.
0,猫が家から出ると、鼠はテーブルの上で踊る,ねこがいえからでると、ねずみはてーぶるのうえでおどる,"Als de kat van huis is, dansen de muizen op tafel."
0,猫を暗闇で挟む,ねこをくらやみではさむ,De kat in het donker kunijpen.
0,求めなさい、そうすれば得られる,もとめなさい、そうすればえられる,新約聖書
0,あなたはその口であなたのママにキスをしますか？,あなたはそのくちであなたのままにきすをしますか,下品な発言をした人に対して言う。
0,遊びの時間は終わりだ,あそびのじかんはおわりだ,Playtime is Over!
0,それです非常識,それですひじょうしき,That is preposterous.
0,それだった簡単,それだったかんたん,That was easy.
0,それだけ,それだけ,That's it.
0,衣装が人を作る,いしょうがひとをつくる,De kleren maken de man.
0,早朝は口に金,そうちょうはくちにきん,De morgenstond heeft goud in de mond.
0,鞄の中の猫を買う,かばんのなかのねこをかう,Een kat in de zak kopen.
0,正直が一番長持ちする,しょうじきがいちばんながもちする,Eerlijk duurt het langst.
0,好みに論争の余地はない,このみにろんそうのよちはない,Er valt over smaak niet te twisten.
0,安いは高い,やすいはたかい,Goedkoop is duurkoop.
0,良い例に従え,よいれいにしたがえ,Goed voorbeeld doet goed volgen.
0,奇妙な倉庫にいる猫のような気分だ,きみょうなそうこにいるねこのようなきぶんだ,Hij voelt zich als een kat in een vreemd pakhuis.
0,高い木は風を沢山受ける,たかいきはかぜをたくさんうける,Hoge bomen vangen veel wind.
0,恋路の闇,こいじのやみ,恋の闇を参照
0,苦境はお祈りを教える,くきょうはおいのりをおしえる,Nood leert Bidden.
0,経験は最良の師,けいけんはさいりょうのし,Ondervinding is de beste leermeester.
0,雑草は滅びない,ざっそうはほろびない,Onkruid vergaat niet.
0,古い愛情はさびない,ふるいあいじょうはさびない,Oude liefde roest niet.
0,東、西、自分の家が一番,ひがし、にし、じぶんのいえがいちばん,Oost west thuis best.
0,動きが無い水の底は深い,うごきがないみずのそこはふかい,Stille wateren hebben diepe gronden.
0,沢山の小さなものが一つの大きなものを作る,たくさんのちいさなものがひとつのおおきなものをつくる,Veel kleintjes maken een grote.
0,猫のバイオリンのために,ねこのばいおりんのために,Voor de kat zijn viool.
0,起こった事は起こったものだ,おこったことはおこったものだ,"Wat gebeurd is, is gebeurd."
0,機会は禿げ頭である,きかいははげあたまである,A la ocasión la pintan calva.
0,やったことは胸で受け止めろ,やったことはむねでうけとめろ,"A lo hecho, pecho."
0,寝れば寝るほど、人生が減る,ねればねるほど、じんせいがへる,"A más dormir, menos vivir."
0,早起きする者を神は助ける,はやおきするものをかみはたすける,A quien madruga Dios le ayuda.
0,愛着、理由なし,あいちゃく、りゆうなし,"Afición, ciega razón."
0,悪い時にはいい顔を,わるいときにはいいかおを,"Al mal tiempo, buena cara."
0,痩せ犬には蚤がたかっている,やせいぬにはのみがたかっている,Al perro flaco no le faltan pulgas.
0,あちこちで学び、何も身についていない,あちこちでまなび、なにもみについていない,"Aprendiz de mucho, maestro de nada."
0,聖人は断食をすればいい、胃がないのだから,せいじんはだんじきをすればいい、いがないのだから,"Ayunen los santos, que no tiene tripa."
0,金の価値を知りたければ借金をしてみよ,かねのかちをしりたければしゃっきんをしてみよ,イギリスの諺
0,食欲は食事の時に湧く,しょくよくはしょくじのときにわく,"欲望はとどまることを知らない。
ひとつの欲望が満たされると更なる欲望が出てくることの譬え。"
0,肘は近くにあるのに噛めない,ひじはちかくにあるのにかめない,"できもしないことの譬え。
一見すると簡単そうだが実は不可能だ。"
0,悪口は襟首にぶら下がらない,わるぐちはえりくびにぶらさがらない,"悪口は無視してしまえば痛くも痒くもない。
他人の悪口なんてどうせ言葉だけなんだから気にするな。"
0,自分の巣穴ではネズミもライオン気取り,じぶんのすあなではねずみもらいおんきどり,自分より優れたものがいない環境ではケチな人間が威張る。
0,カラスはカラスの目を突っつかない,からすはからすのめをつっつかない,同じ利益を共有するものは互いを裏切らない。
0,キノコ雨,きのこあめ,"天気雨。
狐の嫁入り。
日が差して温かいうえに雨が降って湿り気が多いとキノコがよく育ちそうだから。"
0,2×2=4,ににんがし,"至極当然。
誰もが知っている当たり前のこと。"
0,豚もおだてりゃ木に登る,ぶたもおだてりゃきにのぼる,おだて上げられていい気になれば、普段以上の力が発揮されること。
0,娘は他人の宝物,むすめはたにんのたからもの,Дочь — чужое сокровище.
0,友は逆境にて知らる,ともはぎゃっきょうにてしらる,"貧の友は真の友。
自分が本当につらい時にこそ、他人が自分をどう思っているかが明らかになる。"
0,種をまいたわけでも刈り取ったわけでもないのに、バカは湧いて出る,たねをまいたわけでもかりとったわけでもないのに、ばかはわいてでる,"Дураков не сеют, не жнут, сами родятся."
0,サモワールを持ってトゥーラへ行く,さもわーるをもってとぅーらへいく,余計なこと。無駄なこと。トゥーラはサモワール（ロシアの伝統的な湯沸かし器）製造で有名な都市。そこに自前のサモワールを持っていっても仕方ない。
0,おばあちゃんにイチモツがついていたらおじいちゃんだったのになあ,おばあちゃんにいちもつがついていたらおじいちゃんだったのになあ,"考えても仕方がない、無意味な仮定。
死んだ子の年を数える。
かなり直截的な表現が含まれているので引用する際には「イチモツ」の部分（原文中の括弧を付した単語）を伏字にする方がよいが、そもそも使うべきでない。"
0,火から炎へ,ひからほのおへ,一難去ってまた一難を参照
0,七面鳥も考えていたが結局はスープに入った,しちめんちょうもかんがえていたがけっきょくはすーぷに入った,"「考えたんだが～」という出だしで愚にもつかないことを言い始めた者をからかう表現。
下手の考え休むに似たり。"
0,金を出した者が音楽をリクエストできる,かねをだしたものがおんがくをりくえすとできる,力のある者がその場の状況を支配できる。
0,森を開けば木っ端が飛び散る,もりをひらけばこっぱがとびちる,何かを成し遂げるのに犠牲はつきもの。
0,チビよりチビなおチビちゃん,ちびよりちびなおちびちゃん,小さな子どもがたくさんいる様子をおどけて表現する言い回し。
0,御山の大将,おやまのたいしょう,小さな集団の中で偉ぶっている人のこと。
0,羊と向き合う勇者様、勇者と向き合うお前も羊,ひつじとむきあうゆうしゃさま、ゆうしゃとむきあうおまえもひつじ,"弱い羊を相手にしているときは勇敢な人物の気でいられるが、実際に優れた人と対峙すると自分の側が羊のようなものだ。
自分より弱いものしかいないところでは実力のないものが威張り散らす。"
0,泥棒の頭で帽子が燃える,どろぼうのあたまでぼうしがもえる,悪事を働いたことがおのずから露見する。
0,光れば金とは限らない,ひかればきんとはかぎらない,"Не все то золото, что блестит."
0,だまさないと商売はできない,だまさないとしょうばいはできない,Не обманешь — не продашь.
0,カワカマスに泳ぎを教えるな、カワカマスには自分の流儀が分かっている,かわかますにおよぎをおしえるな、かわかますにはじぶんのりゅうぎがわかっている,その道のベテランに何かを教えようとしても意味がない。
0,好みは議論無用,このみはぎろんむよう,"好みや趣味に関しての議論は不毛だ。
好きなものは好き、嫌いなものは嫌いなのだから話し合っても仕方ない。"
0,一人はみんなのために、みんなは一人のために,ひとりはみんなのために、みんなはひとりのために,"Один за всех, все за одного."
0,葉っぱ一枚は春ならず,はっぱいちまいははるならず,ほんの少しの兆候だけで結論を急ぐな。
0,一方の足はこっち、もう一方はあっち,いっぽうのあしはこっち、もういっぽうはあっち,"迅速に移動したり行動したりする様子。
指示を受けてすばやく実行するさま。"
0,頭陀袋と牢屋は無縁と請け合うな,ずだぶくろとろうやはむえんとうけあうな,人生、何が起こるかわからない。
0,鞭で斧は砕けない,むちでおのはくだけない,権力や強者には逆らえない。
0,へたな踊り手は金玉まで邪魔をする,へたなおどりてはきんたままでじゃまをする,"上手な人は道具や周囲の環境に文句を言わないものだ。
下手なくせに言い訳ばかりするのは、踊りが下手な人物が自分の睾丸を理由にするようにこっけいだ。"
0,服装で迎え入れられ、知恵で追い出される,ふくそうでむかえいれられ、ちえでおいだされる,"人は外見よりも能力や人間性が大事。
いくら見た目がよくて受け入れられても、何もできなかったりダメ人間だったりしたらそのうち相手にされなくなってしまう。"
0,動かぬ石の下に水は流れない,うごかぬいしのしたにみずはながれない,自分から行動しないと何も得られるものはない。
0,馬を憐れんだ狼が、尻尾とたてがみだけ食べ残してやった,うまをあわれんだおおかみが、しっぽとたてがみだけたべのこしてやった,"同情しているふりだけしておいて、行動は残酷。
うわべだけの同情。"
0,月曜日は重たい日,げつようびはおもたいひ,また月曜日か。休みが終わって一週間が始まるときの、あの何ともいやな気分を言い表したもの。
0,ふるいの中にモスクワを見せる,ふるいのなかにもすくわをみせる,人をだます。からかう。
0,けんかの後でゲンコツを振るうな,けんかのあとでげんこつをふるうな,ことが起きてしまってから状況を変えようとしても無駄だ。
0,人の失敗は許してやれ、だが自分には容赦するな,ひとのしっぱいはゆるしてやれ、だがじぶんにはようしゃするな,"Прощай ошибки чужим, но себе никогда."
0,愛は過ぎ去り、トマトもしなびた,あいはすぎさり、とまともしなびた,"百年の恋も冷めた。
相手に対する愛情がなくなった。"
0,驚いたカラスは茂みを恐れる,おどろいたからすはしげみをおそれる,かつてひどい目にあった者は必要以上に用心深くなる。
0,酔っ払いには海も膝まで,よっぱらいにはうみもひざまで,酔った人間は気が大きくなり、自分の能力を過大評価しがち。
0,仕事は狼ではないから森に逃げたりしない,しごとはおおかみではないからもりににげたりしない,焦ることなく機が熟するのを待て。
0,手が手を洗う,てがてをあらう,世の中、持ちつ持たれつ。
0,七人は一人を待たず,しちにんはひとりをまたず,"少数の都合のために多数の動きを規制されてはたまらない。
一人の都合で全体を振り回すな。"
0,七つの苦悩に一つの答え,ななつのくのうにひとつのこたえ,"七つの辛酸を舐めても、結局は死ぬという一つの答えに行き着く。
ならばとことんやってやれ。"
0,七たび測って一度に裁て,ななたびはかっていちどにたて,"Семь раз отмерь, один раз отрежь."
0,言葉はスズメではないから、飛び立ったら捕まえられない,ことばはすずめではないから、とびたったらつかまえられない,"一度でも口にしたことは取り消せないから言葉に気を付けろ。
発言する前にちゃんと考えろ。"
0,頭を取ったら髪の毛を惜しんで泣くな,あたまをとったらかみのけをおしんでなくな,"首から上が取れたらもはや髪の毛も失われるが、それを嘆いても仕方ない。
起きてしまったことは取り返しがつかない。"
0,犬が吠え、風が伝える、だがキャラバンは進む,いぬがほえ、かぜがつたえる、だがきゃらばんはすすむ,"他人の言うことを気にするな。
中傷や噂なんて無視して結構。"
0,兵士は眠り、兵役は続く,へいしはねむり、へいえきはつづく,"自分のするべきことをせずだらだらしているうちに仕事の時間が終わる。
勤務時間中（あるいは勉強時間中）なのにろくなことをしないで時間だけ浪費する。
締め切りまで何もせずに遊んでばかりいる。"
0,ありがとうで腹は膨れない,ありがとうではらはふくれない,お礼の言葉だけでなく見返りもよこせ。
0,老いたる馬は溝に躓かず,おいたるうまはみぞにつまずかず,経験豊富な者は失敗しない。
0,まさかり仕事,まさかりしごと,"やっつけ仕事。
仕上がりが雑な仕事。"
0,ウリータは行く、そのうちに着く,うりーたはいく、そのうちにつく,"いつか結果がでるだろう。
期待せずに気長に待つときに用いることわざ。"
0,おせっかいなバカは敵より危険,おせっかいなばかはてきよりきけん,なにも考えずにいいことをしようとしても却って迷惑になる。
0,一時間の忍耐で百年の命,いちじかんのにんたいでひゃくねんのいのち,"Час терпеть, век жить."
0,起こることは避けられないこと,おこることはさけられないこと,"起こるべきことは起こる。
必然的にそうなるようなことは、どうやっても回避不可能。"
0,ペンによって書かれたものは、まさかりをもってしても打ち砕けない,ぺんによってかかれたものは、まさかりをもってしてもうちくだけない,一度でも世に発表してしまったことは取り消せない。
0,持っているものは大切にせず、失ったものを嘆く,もっているものはたいせつにせず、うしなったものをなげく,何かを失って初めて、それがどれだけ大切なものだったか分かる。
0,蒔いた分は自分で刈り取れ,まいたぶんはじぶんでかりとれ,自分が原因となったのなら自分で責任を取れ。
0,Яはアルファベットの最後の文字,やーはあるふぁべっとのさいごのもじ,あまり自分をうるさく主張するな。
0,口から先に生まれる,くちからさきにうまれる,よく舌が回る者をあざけっていうこと。
0,舌に骨なし,したにほねなし,ぺらぺらとおしゃべりばかりしている人をからかっていう言葉。
0,舌を使っておしゃべりしても、腕に意志を与えるな,したをつかっておしゃべりしても、うでにいしをあたえるな,"話し合って平和な解決策を探せ。
暴力に訴えるな。"
0,私のいないところで結婚が決められた,わたしのいないところでけっこんがきめられた,当事者であるはずの自分が知らないうちにいつの間にか決められていた。
0,腹いっぱいなら、神を讃える,はらいっぱいなら、かみをたたえる,"Barriga llena, a Dios alaba."
0,嫌なやつは死なないものだ,いやなやつはしなないものだ,Bicho malo nunca muere.
0,上手く終わったものは上手く出来たということ,うまくおわったものはうまくできたということ,Bien está lo que bien acaba.
0,善意と美しさは長続きしない,ぜんいとうつくしさはながつづきしない,"Bondad y hermosura, poco dura."
0,動こうが動かまいが大きい驢馬がいい,うごこうがうごかまいがおおきいろばがいい,質より量。
0,一つの物に見えても、実際は二つか三つだ,ひとつのものにみえても、じっさいはふたつかみっつだ,Cada cosa que ves son dos cosas o tres.
0,人はそれぞれの場所で,ひとはそれぞれのばしょで,"Cada cual, en su corral."
0,パンとワインで進んでゆける,ぱんとわいんですすんでゆける,Con pan y vino se anda el camino.
0,老人から助言,ろうじんからじょげん,"Del viejo, el consejo."
0,鍛冶屋の家に木のナイフ,かじやのいえにきのないふ,"En casa de herrero, cuchillo de palo."
0,禁断の実が一番食欲をそそる,きんだんのみがいちばんしょくよくをそそる,"Fruta prohibida, más apetecida."
0,兎に猫,うさぎにねこ,Gato por liebre.
0,火傷した猫は冷たい水から逃げる,やけどしたねこはつめたいみずからにげる,Gato escaldado del agua fría huye.
0,子供はいないが名前は付けてる,こどもはいないがなまえはつけてる,Hijo no tenemos y nombre le ponemos.
0,一番の薬は、食事だ,いちばんのくすりは、しょくじだ,"La mejor medicina, la cocina."
0,壁には耳と目がある,かべにはみみとめがある,"Las paredes, orejas y ojos tienen."
0,大騒ぎしてちょっとの胡桃,おおさわぎしてちょっとのくるみ,Mucho ruido y pocas nueces.
0,三のない二はない,さんのないにはない,No hay dos sin tres.
0,悪い方向に考えれば、正解する,わるいほうこうにかんがえれば、せいかいする,Piensa mal y acertarás.
0,飛沫が去るまで神に祈る,ひまつがさるまでかみにいのる,Rogar al santo hasta pasar el charco.
0,苦しんで、黙って、好機を待つ,くるしんで、だまって、こうきをまつ,Sufrir y callar y mejor tiempo esperar.
0,入れ替わり立ち替わりして、掃除もしていない,いれかわりたちかわりして、そうじもしていない,Unos por otros y la casa por barrer.
0,悪事を働くのだから、盛大にやろう,あくじをはたらくのだから、せいだいにやろう,"Ya que se lleve el diablo, que sea en coche."
0,一犬虚に吠ゆれば万犬実を伝う,いっけんきょにほゆればばんけんじつをつたう,一人がでたらめを言うと、多くの人が事実のように言いふらすこと。
0,虎の話をすると虎が来る,とらのはなしをするととらがくる,호랑이도 제 말하면 온다
0,真実を知りたければ子供と酔っ払いに聞け,しんじつをしりたければこどもとよっぱいらいにきけ,Af børn og fulde folk skal man høre sandheden.
0,仕事は一番良い暇つぶし,しごとはいちばんよいひまつぶし,Arbejde er det bedste tidsfordriv.
0,水を得るのに、川の反対側まで行く必要はない,みずをえるのに、かわのはんたいがわまでいくひつようはない,Gå ikke over åen efter vand.
0,時間はあらゆる傷を治す,じかんはあらゆるきずをなおす,Die Zeit heilt alle Wunden
0,窮地に追いつめられた鼠は猫の睾丸を舐める,きゅうちにおいつめられたねずみはねこのこうがんをなめる,Köşeye sıkışan sıçan kedi taşağı yalar.
0,白いユリにも黒い影ができる,しろいゆりにもくろいかげができる,A fehér liliomnak is lehet fekete az árnyéka.
0,馬鹿は同じ石で2回つまずく,ばかはおなじいしでにかいつまずく,Bolond　ütközik kétszer egy kobe.
0,逃げるのは恥だが役に立つ,にげるのははじだがやくにたつ,"Szégyen a futás, de hasznos."
0,死んでしまった馬に、草は必要ない,しんでしまったうまに、くさはひつようない,"Aanhin pa ang damo, kung patay na ang kabayo."
0,出発点を顧みない者は、目的地には行けない,しゅっぱつてんをかえりみないものは、もくてきちにはいけない,"Ang di lumingon sa pinanggalingan, di makararating sa paroroonan."
0,貧しさは、成功への障害にはならない,まずしさは、せいこうへのしょうがいにはならない,Ang karukhaan ay hindi hadlang sa pagtatagumpay.
0,教養は誰も盗む事の出来ない宝,きょうようはだれもぬすむことのできないたから,Ang karunungan ay kayamanang walang taong makapagnanakaw.
0,人生に機会は滅多に来ない。その時が来たら、目いっぱいそれを利用しなさい,じんせいにきかいはめったにこない。そのときがきたら、めいっぱいそれをりようしなさい,"Ang pagkakataon sa buhay ay madalang dumating. Kapag narito na, ating samantalahin."
0,困難に陥った人は、刃物さえ掴む,こんなんにおちいったひとは、はものさえつかむ,"Ang taong nagigipit, kahit sa patalim ay kumakapit."
0,まあ、なるようになるさ,まあ、なるようになるさ,Bahala na.
0,働き者は、素早き者に敗れる,はたらきものは、すばやきものにやぶれる,Daig ng maagap ang masipag.
0,どこの森にも蛇はいる,どこのもりにもへびはいる,"Kahit saang gubat, ay mayroong ahas."
0,石を投げられたら、パンを投げ返せ,いしをなげられたら、ぱんをなげかえせ,"Kapag binato ka ng bato, batuhin mo ng tinapay."
0,隠すものがあれば、取り出す事ができる,かくすものがあれば、とりだすことができる,"Kapag may isinuksok, may madudukot."
0,急いで走ると、怪我が深い,いそいではしると、けががふかい,"Kapag tumakbo ka ng matulin, masugatan ka'y malalim."
0,その木には、その実がなる,そのきには、そのみがなる,"Kung ano ang puno, siya ang bunga."
0,何かを植えれば、必ず収穫できる,なにかをうえれば、かならずしゅうかくできる,"Kung ano ang itinanim, siya rin ang aanihin."
0,幸運がなければ膨らまない,こううんがなければふくらまない,"Kung hindi ukol, hindi bubukol."
0,静かなるものは危険である,しずかなるものはきけんである,"Kung sino ang tahimik, siya ang mapanganib."
0,酔っ払いに冗談は通じるが、寝起きの人に冗談を言ってはいけない,よっぱらいにじょうだんはつうじるが、ねおきのひとにじょうだんをいってはいけない,"Magbiro ka na sa lasing, huwag sa bagong gising."
0,例え後悔しても遅い、その時は何もできる事はない,たとえこうかいしてもおそい、そのときはなにもできることはない,Magsisi ka man at huli wala nang mangyayari.
0,土地には耳があり、噂話には羽がある,とちにはみみがあり、うわさばなしにははねがある,"May tenga ang lupa, may pakpak ang balita."
0,慈悲は神にあり、行動は人にある,じひはかみにあり、こうどうはひとにある,"Nasa Diyos ang awa, nasa tao ang gawa."
0,後悔はいつも後にある,こうかいはいつもあとにある,Nasa huli ang pagsisisi.
0,どんなに長い列であっても、最後には必ず、教会に入れる,どんなにながいれつであっても、さいごにはかならず、きょうかいにはいれる,"Pagkahaba－haba man ng prosisyon, sa Simbahan din ang tuloy."
0,毛布が小さければ、身体を丸めよ,もうふがちいさければ、からだをまるめよ,"Pag makitid ang kumot, magtiis kang mamaluktot."
0,勤勉は不運を負かす,きんべんはふうんをまかす,Ahkeruus kovan onnen voittaa.
0,人生はしかめ面をしてよくなることもない,じんせいはしかめつらをしてよくなることもない,Ei elämä irvistellen somene.
0,涙ほど乾くのが早いものはない,なみだほどかわくのがはやいものはない,Mikään ei kuivu kyyneltä nopeammin.
0,木は根元から登るもの,きはねもとからのぼるもの,Tyvestä puuhun noustaan.
0,賢い馬鹿は馬鹿な賢者より賢い,かしこいばかはばかなけんじゃよりかしこい,Viisas tyhmä on viisaampi kuin tyhmä viisas.
0,神は歯をくださり、神はまたパンもくださるだろう,かみははをくださり、かみはまたぱんもくださるだろう,"Dievas davė dantis, Dievas duos ir duonos."
0,俵の中に猫を買う,たわらのなかにねこをかう,Pirkti katę maiše.
0,子の肩を持って考えもなく他人を叱りつける,このかたをもってかんがえもなくたにんをしかりつける,Bênh con lon xon mắng người.
0,米糠を吊るされた豚だ,こめぬかをつるされたぶただ,Cám treo mà heo nhịn đói.
0,熱い御粥は周りから少しずつ啜り、借金は徐々に返済する,あついおかゆはまわりからすこしずつすすり、しゃっきんはじょじょにへんさいする,"Cháo nóng húp quanh, công nợ trả dần."
0,長い時間人を笑ってはいけない。昨日人を笑えば明日は人に笑われる,ながいじかんひとをわらってはいけない。きのうひとをわらえばあしたはひとにわらわれる,"Cười người hôm trước, hôm sau người cười."
0,馬に乗って花を見る,うまにのってはなをみる,Cưỡi ngựa xem hoa.
0,インクに近づけば黒くなり、電灯に近づけば明るくなる,いんくにちかづけばくろくなり、でんとうにちかづけばあかるくなる,"Gần mực thì đen, gần đèn thì rạng."
0,敵の手に落ちた虎,てきのてにおちたとら,Hùm thiêng khi đã sa cơ cũng hèn.
0,勝者が歴史を作る,しょうしゃがれきしをつくる,Kẻ thắng viết nên lịch sử.
0,豚が一年食べなくても、蚕が一食抜いた時の空腹には叶わない,ぶたがいちねんたべなくても、かいこがいっしょくぬいたときのくうふくにはかなわない,Lợn đói cả năm không bằng tằm đói một bữa.
0,豚は一食食わねえと、人が半年食わないくらい腹を減らしちまうのさ,ぶたはいっしょくくわねえと、ひとがはんとしくわないくらいはらをへらしちまうのさ,Lợn đói một bữa bằng người đói nửa năm.
0,良い豚に手を加えておかしな豚になる,よいぶたにてをくわえておかしなぶたになる,Lợn lành chữa thành lợn què.
0,溜池の水を浴びる龍も、敵の手中に落ちた虎も、能力が劣ったものになる,ためいけのみずをあびるりゅうも、てきのしゅちゅうにおちたとらも、のうりょくがおとったものになる,"Rồng vàng tắm nước ao tù, Hùm thiêng khi đã sa cơ cũng hèn."
0,勝てば王、負ければ賊,かてばおう、まければぞく,"Thắng làm vua, thua làm giặc."
0,家主の留守に、鶏が海老を食べる,やぬしのるすに、にわとりがえびをたべる,"Vắng chúa nhà, gà vọc niêu tôm."
0,顔が遠ければ、心も遠い,かおがとおければ、こころもとおい,"Xa mặt, cách lòng."
0,愛する子には鞭を打て,あいするこにはむちをうて,Yêu con cho vọt vào lưng.
0,可愛い子には棒と鞭を、憎い子には甘く美味しいものを,かわいいこにはぼうとむちを、にくいこにはあまくおいしいものを,"Yêu cho roi cho vọt, ghét cho ngọt cho bùi."
0,隣人の鶏はいつも肥えている,りんじんのにわとりはいつもこえている,A galinha do vizinho é sempre mais gorada.
0,やらぬより、遅れてもやった方が良い,やらぬより、おくれてもやったほうがよい,Antes tarde do que nunca.
0,実践あるのみ,実践あるのみ,A prática leva à perfeição.
0,急ぐことは完全の敵,いそぐことはかんぜんのてき,A pressa é inimiga da perfeição.
0,一人の知恵は二人の知恵に劣る,ひとりのちえはふたりのちえにおとる,Duas cabeças pensam melhor do que uma.
0,予防は治療に勝る,よぼうはちりょうにまさる,É melhor prevenir do que remediar.
0,良いことのための悪さがある,よいことのためのわるさがある,悪いことの後には、良いことがある
0,食べた料理を吐き出すな,たべたりょうりをはきだすな,Não cuspa no prato em que comeu.
0,愛すること、忘れること、そして許すことは人生の三つの試練,あいすること、わすれること、そしてゆるすことはじんせいのみっつのしれん,"Att älska, glömma och förlåta är livets tre prövninger."
0,あなたが生まれてきたとき周りの人は笑ってあなたは泣いていたでしょう。だからあなたが死ぬときあなたが笑って周りの人が泣く人生をおくりなさい,あなたがうまれてきたときまわりのひとはわらってあなたはないていたでしょう。だからあなたがしぬときあなたがわらってまわりのひとがなくじんせいをおくりなさい,"When you were born you cried and the world rejoiced. 
Live your life so that when you die, the world cries and you rejoice."


0,今日の一字は明日の二字,きょうのいちじはあしたのにじ,"
今日の一針、明日の十針 "
0,座ったままでは、時の砂浜に足跡は刻まれない,すわったままでは、ときのすなはまにあしあとはきざまれない,イギリスの諺
0,軟膏の中の蠅,なんこうのなかのはえ,fly in the ointment
0,微に入り細に入り,びにいりさいにいり,微に入り細を穿つを参照
0,合うも夢、合わぬも夢,あうもゆめ、あわぬもゆめ,合うも不思議、合わぬも不思議を参照
0,阿弥陀の光も金次第,あみだのひかりもかねしだい,阿弥陀も銭で光るを参照
0,人窮すれば天を呼ぶ,ひときゅうすればてんをよぶ,苦しい時の神頼みを参照
0,慌てる蟹は穴の口で死ぬ,あわてるかにはあなのくちでしぬ,慌てる蟹は穴へ入れぬを参照
0,濁りに染まぬ蓮,にごりにそまぬはす,泥中の蓮を参照
0,一日の計は晨にあり、一年の計は春にあり,いちじつのけいはあしたにあり、ちねんのけいははるにあり,一日の計は朝にあり一年の計は元旦にありを参照
0,一事を聞いて十事を知る,いちじをきいてじゅうじをしる,一を聞いて十を知るを参照
0,一を聞いて十を悟る,いちをきいてじゅうをさとる,一を聞いて十を知るを参照
0,一天の君,いってんのきみ,一天万乗の君を参照
0,命の洗濯水いらず,いのちのせんたくみずいらず,命の洗濯を参照
0,命の土用干し,いのちのどようぼし,命の洗濯を参照
0,井蛙,せいあ,井の中の蛙大海を知らずを参照
0,井魚は与に大を語るべからず,せいぎょはともにだいをかたるべからず,井の中の蛙大海を知らずを参照
0,炒り豆に花,いりまめにはな,炒り豆に花が咲くを参照
0,飢えたるときは食を択ばず,うえたるときはしょくをえらばず,飢えては食を択ばずを参照
0,打たぬ鐘は鳴らぬ,うたぬかねはならぬ,打たねば鳴らぬを参照
0,老い木に花,おいきにはな,老い木に花咲くを参照
0,陸へ上がった河童,おかへあがったかっぱ,陸に上がった河童を参照
0,鬼の来ぬ間に洗濯,おにのこぬまにせんたく,鬼の居ぬ間に洗濯を参照
0,鬼の留守に洗濯,おにのるすにせんたく,鬼の居ぬ間に洗濯を参照
0,負んぶすれば抱っこ,おんぶすればだっこ,負ぶえば抱かりょうを参照
0,負んぶに抱っこ,おんぶにだっこ,負ぶえば抱かりょうを参照
0,思い立つ日が吉日,おもいたつひがきちじつ,思い立ったが吉日を参照
0,思い立つ日を吉日,おもいたつひをきちじつ,思い立ったが吉日を参照
0,一念岩をも通す,いちねんいわをもとおす,思う念力岩をも徹すを参照
0,鬼に鉄杖,おににてつじょう,鬼に金棒を参照
0,鬼に金梃,おににかなてこ,鬼に金棒を参照
0,親の目は贔屓目,おやのめはひいきめ,親の欲目を参照
0,山賊の罪を海賊があげる,さんぞくのつみをかいぞくがあげる,海賊が山賊の罪をあげるを参照
0,焼けた後の火の回り,やけたあとのひのまわり,火事あとの火の用心を参照
0,術なき時の神頼み,すべなきときのかみだのみ,苦しい時の神頼みを参照
0,壁に耳障子に目,かべにみみしょうじにめ,壁に耳あり障子に目ありを参照
0,壁に耳,かべにみみ,壁に耳あり障子に目ありを参照
0,障子に目,しょうじにめ,壁に耳あり障子に目ありを参照
0,疑心暗鬼,ぎしんあんき,疑心暗鬼を生ずを参照
0,雁も鳩も食うた者が知る,がんもはともくうたものがしる,雁も鳩も食わねば知れぬを参照
0,食わざればその味を知らず,くわざればそのあじをしらず,雁も鳩も食わねば知れぬを参照
0,眼光紙背に徹る,がんこうしはいにとおる,眼光紙背に徹すを参照
0,邯鄲の枕,かんたんのまくら,邯鄲の夢を参照
0,邯鄲夢の枕,かんたんゆめのまくら,邯鄲の夢を参照
0,黄粱の夢,こうりょうのゆめ,邯鄲の夢を参照
0,盧生の夢,ろせいのゆめ,邯鄲の夢を参照
0,江戸の飲み倒れ,江戸の飲み倒れ,江戸っ子は酒を飲みすぎて財産を費やしてしまうということ。
0,阿波の着倒れ、伊予の食い倒れ,あわのきだおれ、いよのくいだおれ,阿波(徳島)の人は着る物にぜいたくをし、伊予(愛媛)の人は食べることにお金をかける気風があるということ。
0,甲州の着倒れ、信州の食い倒れ,こうしゅうのきだおれ、しんしゅうのくいだおれ,甲州(山梨)の人は着道楽の人が多く、信州(長野)の人は食い道楽の人が多く、財産を費やしてしまうということ。
0,枯れ木に花咲く,かれきにはなさく,枯れ木に花を参照
0,槿花一朝の夢,きんかいっちょうのゆめ,槿花一日の栄を参照
0,口八丁手八丁,くちはっちょうてはっちょう,口も八丁手も八丁を参照
0,君子の三楽,くんしのさんらく,君子に三楽ありを参照
0,傾蓋旧の如し,けいがいきゅうのごとし,傾蓋故の如しを参照
0,鶏口牛後,けいこうぎゅうご,鶏口となるも牛後となるなかれを参照
0,恋の闇路,こいのやみじ,恋の闇を参照
0,子に勝る宝なし,こにまさるたからなし,子に過ぎたる宝なしを参照
0,鷺を烏,さぎをからす,鷺を烏と言いくるめるを参照
0,酒は憂いを払う玉箒,さけはうれいをはらうたまははき,酒は憂いの玉箒を参照
0,酒に三十五の失あり,さけにさんじゅうごのとがあり,酒は諸悪の基を参照
0,酒に三十六種の罪あり,さけにさんじゅうろくしゅのつみあり,酒は諸悪の基を参照
0,美禄,びろく,酒は天の美禄を参照
0,百薬の長,ひゃくやくのちょう,酒は百薬の長を参照
0,三十六計走るを上計となす,さんじゅうろっけいはしるをじょうけいとなす,三十六計逃げるに如かずを参照
0,地獄で仏,じごくでほとけ,地獄で仏に会ったようを参照
0,寡は衆に敵せず,かはしゅうにてきせず,衆寡敵せずを参照
0,舅の酒で相婿もてなす,しゅうとのさけであいむこもてなす,舅の物で相婿もてなすを参照
0,冗談から駒,じょうだんからこま,冗談から駒が出るを参照
0,小の虫を殺して大の虫を生かす,しょうのむしをころしてだいのむしをいかす,小の虫を殺して大の虫を助けるを参照
0,正法に奇特なし,しょうぼうにきどくなし,正法に不思議なしを参照
0,千丈の堤も蟻の一穴,せんじょうのつつみもありのいっけつ,千丈の堤も螻蟻の穴を以て潰ゆを参照
0,喪狗,そうく,喪家の狗を参照
0,俎板の魚,まないたのうお,俎板の鯉を参照
0,袖振り合うも多生の縁,そでふりあうもたしょうのえん,袖すり合うも他生の縁を参照
0,達者万貫目,たっしゃまんがんめ,達者百貫目を参照
0,棚牡丹,たなぼた,棚から牡丹餅を参照
0,断金の契り,だんきんのちぎり,断金の交わりを参照
0,角を直して牛を殺す,つのをなおしてうしをころす,角を矯めて牛を殺すを参照
0,毒食わば皿まで,どくくらわばさらまで,毒を食らわば皿までを参照
0,鳶の子鷹に似ず,とびのこたかににず,鳶の子は鷹にならずを参照
0,盗人を捕らえて縄を綯う,ぬすびとをとらえてなわをなう,泥棒を捕らえて縄を綯うを参照
0,泥棒を見て縄を綯う,どろぼうをみてなわをなう,泥棒を捕らえて縄を綯うを参照
0,ない袖は振られぬ,ないそではふられぬ,ない袖は振れないを参照
0,莫逆の交わり,ばくぎゃくのまじわり,莫逆の友を参照
0,なくて七癖,なくてななくせ,なくて七癖、あって四十八癖を参照
0,七転八起,しちてんはっき,七転び八起きを参照
0,化けの皮を現す,ばけのかわをあらわす,化けの皮が剝がれるを参照
0,生物識り川に流るる,なまものしりかわにながるる,生物識り川へはまるを参照
0,生物識り堀へはまる,なまものしりほりへはまる,生物識り川へはまるを参照
0,早いが勝ち,はやいがかち,早い者勝ちを参照
0,万代不易,ばんだいふえき,万古不易を参照
0,千古不易,せんこふえき,万古不易を参照
0,美女は悪女の敵,びじょはあくじょのかたき,美女は醜婦の仇を参照
0,瓢箪から駒,ひょうたんからこま,瓢箪から駒が出るを参照
0,貧すりゃ鈍する,ひんすりゃどんする,貧すれば鈍するを参照
0,貧乏子沢山,びんぼうこだくさん,貧乏人の子沢山を参照
0,雷同,らいどう,付和雷同を参照
0,刎頸の友,ふんけいのとも,刎頸の交わりを参照
0,臍で茶を沸かす,へそでちゃをわかす,臍が茶を沸かすを参照
0,臍茶,へそちゃ,臍が茶を沸かすを参照
0,下手の物好き,へたのものずき,下手の横好きを参照
0,妻いとおしの子いとおし,めいとおしのこいとおし,妻いとしの子いとしを参照
0,高かろう良かろう、安かろう悪かろう,たかかろうよかろう、やすかろうわるかろう,安かろう悪かろうを参照
0,柳に風折れなし,やなぎにかざおれなし,柳に雪折れなしを参照
0,柳の下の泥鰌,やなぎのしたのどじょう,柳の下の鰌を参照
0,闇夜の灯火,やみよのともしび,闇夜の提灯を参照
0,苦あれば楽あり楽あれば苦あり,くあればらくありらくあればくあり,楽あれば苦あり苦あれば楽ありを参照
0,楽あれば苦あり,らくあればくあり,楽あれば苦あり苦あれば楽ありを参照
0,理に勝って非に負ける,りにかってひにまける,理に勝って非に落ちるを参照
0,理を以て非に落ちる,りをもってひにおちる,理に勝って非に落ちるを参照
0,流水腐らず、戸枢蝕まず,りゅうすいくさらず、こすうむしばまず,流水腐らず、戸枢螻せずを参照
0,老婆心切,ろうばしんせつ,老婆心を参照
0,論をせんより証拠を出せ,ろんをせんよりしょうこをだせ,論より証拠を参照
0,論は後証拠は先,ろんはあとしょうこはさき,論より証拠を参照
0,良薬は口に苦く忠言は耳に逆らう,りょうやくはくちににがくちゅうげんはみみにさからう,忠告の言葉は素直に聞きづらいが、自分の役に立つということ。
0,東西を弁えず,とうざいをわきまえず,東西を弁ぜずを参照
0,東西知らず,とうざいしらず,東西を弁ぜずを参照
0,士別れて三日なれば、即ち更に刮目して相待すべし,しわかれてみっかなれば、すなわちさらにかつもくしてあいたいすべし,努力をしている者は三日もすれば大きく成長しているので、次に会うときには注意して見なければいけないということ。
0,男子三日会わざれば刮目して見よ,だんしみっかあわざればかつもくしてみよ,士別れて三日なれば、即ち更に刮目して相待すべしを参照
0,呉下の旧阿蒙,ごかのきゅうあもう,呉下の阿蒙を参照
0,大隠は朝市に隠る,たいいんはちょうしにかくる,大隠は市に隠るを参照
0,水牛に胡弓,すいぎゅうにこきゅう,水牛にソウ（弦楽器）を弾いて聞かせても意味がないこと。転じて、いくら言っても無駄なこと（人）のたとえ。
0,維摩の一黙雷の如し,ゆいまのいちもくかみなりのごとし,ことばで説明するよりも、黙っているほうがかえって相手に伝えることができるということ。
0,苦肉の計,くにくのけい,苦肉の策を参照
0,去る者は追わず,さるものはおわず,離れていこうとする者を引き止めたりせず、その人の意志に任せるということ。
0,兎も三年なぶりゃあ食いつく,うさぎもさんねんなぶりゃあくいつく,兎も七日なぶれば噛みつくを参照
0,こそこそ三里,こそこそさんり,内緒話は漏れやすく、すぐ遠くまで伝わること。
0,捨てる神あれば助ける神あり,すてるかみあればたすけるかみあり,捨てる神あれば拾う神ありを参照
0,杖るは信に如くは莫し,よるはしんにしくはなし,拠り所として、信義より優れたものはないということ。
0,運は天にあり牡丹餅は棚にあり,うんはてんにありぼたもちはたなにあり,運は天にありを参照
0,舟を陸に推す,舟をりくにおす,無理を押し通すこと。
0,まずい物の煮え太り,まずいもののにえぶとり,味ない物の煮え太りを参照
0,阿呆の煮え太り,あほうのにえぶとり,独活の煮え太りを参照
0,生みの子より育ての子,うみのこよりそだてのこ,生んだ子より抱いた子を参照
0,秋風が吹く,あきかぜがふく,秋風が立つを参照
0,茂林の下豊草無し,もりんのもとほうそうなし,強大な力を持つ人物が上に立つと、その下の人材は育たないということ。
0,名に負う,なにおう,名にし負うを参照
0,狡兎死して良狗烹らる,こうとししてりょうくにらる,狡兎死して走狗烹らるを参照
0,頬が落ちる,ほおがおちる,食べた物がとても美味であること。
0,歯を食いしばる,はをくいしばる,つらさや苦しさを耐えて我慢すること。
0,胃が足を運ぶ,いがあしをはこぶ,腹が減っては戦ができぬを参照
0,美の成るは久しきに在り、悪の成るは改むるに及ばず,びのなるはひさしきにあり、あくのなるはあらたむるにおよばず,良い事が成果を出すには長い時間がかかり、悪いことの結果はすぐに出るということ。
0,水の泡,みずのあわ,水泡に帰すを参照
0,腹八分目に医者いらず,はらはちぶんめにいしゃいらず,腹がいっぱいになるまで食べないで、八割ぐらいでやめておけば健康に良いということ。
0,役者が違う,やくしゃがちがう,役者が一枚上を参照
0,役者が上,やくしゃがうえ,役者が一枚上を参照
0,車軸を下す,しゃじくをくだす,車軸を流すを参照
0,車軸を降らす,しゃじくをふらす,車軸を流すを参照
0,歳寒くして然る後に松柏の彫むに後るるを知るなり,としさむくしてしかるのちにしょうはくのしぼむにおくるるをしるなり,歳寒の松柏を参照
0,上手な偽りより下手な誠,じょうずないつわりよりへたなまこと,上手な嘘より下手な実意を参照
0,巧偽は拙誠に如かず,こうぎはせっせいにしかず,巧みにできた行いよりも、下手でも誠意のある行いのほうがよいということ。
0,目の保養,めのほよう,美しい物や貴重なものを見て楽しむこと。
0,三枝の礼,さんしのれい,鳩に三枝の礼あり、烏に反哺の孝ありを参照
0,小股取っても勝つが得,こまたとってもかつがとく,小股取っても勝つが本を参照
0,好きの道には薦被る,すきのみちにはこもかぶる,好きには身をやつすを参照
0,真理の矢を投げるなら、その先端を蜜に浸せ,しんりのやをなげるなら、そのせんたんをみつにひたせ,本当のことを伝えるときは、相手を傷つけないように優しい表現で伝えよということ。
0,良禽は木を択んで棲む,りょうきんはきをえらんですむ,優れた人物は、名君を選んで仕えるということ。
0,賢人の口は心にあり、愚か者の心は口にあり,けんじんのくちはこころにあり、おろかもののこころはくちにあり,賢い者は思いを心の中に秘めておくが、愚か者は思ったことをすぐ口に出すということ。
0,石に齧りついても,いしにかじりついても,どんな困難があっても辛抱すること。
0,雨夜の星,あまよのほし,現実には見えないもののこと。
0,頼む木の下に雨漏る,たのむきのしたにあめもる,頼む木陰に雨が漏るを参照
0,朝紅は雨、夕紅は日和,あさあけはあめ、ゆうあけはひより,朝焼けは雨、夕焼けは日和を参照
0,夕焼けは晴れ、朝焼けは雨,ゆうやけははれ、あさやけはあめ,朝焼けは雨、夕焼けは日和を参照
0,夕焼けと朝曇りは晴天のしるし,ゆうやけとあさ ぐもりはせいてんのしるし,An evening red and morning grey is the sign of a fair day.
0,朝雲暮雨,ちょううんぼう,巫山の夢を参照
0,巫山の雲雨,ふざんのうんう,巫山の夢を参照
0,風に櫛り雨に沐う,かぜにくしけずりあめにかみあらう,櫛風沐雨を参照
0,事件が起こる前には影がさす,じけんがおこるまえにはかげがさす,Coming events cast their shadows before.
0,四海同胞,しかいどうほう,四海兄弟を参照
0,海腹川背,うみはらかわせ,海魚腹から、川魚背からを参照
0,秋柴嫁に焚かせろ,あきしばよめにたかせろ,つらい仕事は嫁にやらせろということ。
0,八月柴は嫁に焚かすな,はちがつしばはよめにたかすな,ひどい仕事は嫁にさせるべきではないということ。
0,鼠のいない食料庫はない,ねずみのいないしょくりょうこはない,No larder but has its mice.
0,賢が子賢ならず,けんがこけんならず,賢人の子は必ずしも賢人ではないということ。
0,愛には距離など問題にならない,あいにはきょりなどもんだいにならない,Love laughs at distance.
0,懐を痛める,ふところをいためる,自分の金を出すこと。
0,自腹を切る,じばらをきる,必ずしも払う必要のない費用を、自分の金で払うこと。
0,身を切る,みをきる,費用を自分で負担すること。
0,風邪は百病の長,かぜはひゃくびょうのちょう,風邪は万病のもとを参照
0,錦の袋に糞を包む,にしきのふくろにふんをつつむ,見かけ立派だが、中身が粗末なこと。
0,井戸がかれるまでは水のありがたさがわからない,いどがかれるまではみずのありがたさがわからない,失ってからその大切さに気付くということ。
0,猫の足で火の中から栗を取り出せ,ねこのあしでひのなかからくりをとりだせ,Take the chestnuts out of the fire with the cat's paw.
0,春蘭秋菊倶に廃すべからず,しゅんらんしゅうきくともにはいすべからず,どちらも優れていて優劣が付け難いということ。
0,最悪の不幸とは決して起きぬもの,さいあくのふこうとはけっしておきぬもの,Our worst misfortunes are those which never befall us.
0,月夜に提灯夏火鉢,つきよにちょうちんなつひばち,不必要なこと。
0,香り松茸味湿地,かおりまつたけあじしめじ,きのこの中でも特に匂いがいいのはマツタケで、味がいいのはシメジであるということ。
0,花見が過ぎたら牡蠣食うな,はなみすぎたらかきくうな,5月から8月にかけての牡蠣は産卵期で身が痩せて美味しくないということ。
0,人は疲れて生まれ、休むために生きる,ひとはつかれてうまれ、やすむためにいきる,Man is born tired and lives to rest.
0,朽索六馬を馭す,きゅうさくろくばをぎょす,非常に難しくて危ないこと。
0,他人の飯には刺がある,たにんのめしにはとげがある,他人の飯には骨があるを参照
0,笑中に刃を研ぐ,しょうちゅうにやいばをとぐ,笑中に刀ありを参照





0,結婚とはあわただしくして、ゆっくりと後悔するものである。,けっこんとはあわただしくして、ゆっくりとこうかいするものである。,イギリスの諺
0,猿は人間に毛が三本足らぬ,さるはにんげんにけがさんぼんたらぬ,猿は人間に毛が三筋足らぬを参照
0,鳩に豆鉄砲,はとにまめでっぽう,鳩が豆鉄砲を食ったようを参照
0,猫を追うより魚を除けよ,ねこをおうよりさかなをのけよ,猫を追うより皿を引けを参照


0,逃げた女は追わぬに限る,にげたおんなはおわぬにかぎる,イギリスのことわざ




0,きょう考えよ、明日語れ,きょうかんがえよ、あすかたれ,よく考えてから発言せよということ。
